incident_id,speed_kmh,vehicle_age_years,vehicle_value_inr,occupants,airbag_deployed,collision_type,road_condition,weather,vehicle_type,insurance_type,seatbelt_worn,previous_accidents,driver_age,tyre_condition,collision_enc,road_enc,weather_enc,vehicle_type_enc,tyre_enc,damage_severity,parts_damaged,repair_cost_inr
522,89,8,2607249,4,1,Head-on,Dry,Clear,Sedan,Comprehensive,1,1,70,Good,1.8,1.0,1.0,1.0,1.0,Severe,"Bumper, Hood, Headlights/Taillights, Radiator, Airbags, Frame",759900
738,88,1,2375712,1,1,Side,Wet,Clear,Hatchback,Comprehensive,1,2,68,Good,1.3,1.3,1.0,0.85,1.0,Severe,"Bumper, Door Panel, Headlights/Taillights, Radiator, Airbags, Frame",522700
741,105,14,2620715,3,1,Rear-end,Gravel,Clear,Two-wheeler,Third-party,0,3,31,Good,1.0,1.2,1.0,0.6,1.0,Critical,"Bumper, Door Panel, Headlights/Taillights, Radiator, Airbags, Frame, Engine",372600
661,21,7,1884973,3,0,Head-on,Gravel,Clear,Hatchback,Comprehensive,1,4,40,Bald,1.8,1.2,1.0,0.85,1.35,Minor,Bumper,478800
412,21,20,2538057,3,0,Side,Wet,Clear,Sedan,Third-party,1,0,68,Bald,1.3,1.3,1.0,1.0,1.35,Minor,Bumper,553000
679,105,8,765982,1,1,Rear-end,Dry,Fog,Sedan,Comprehensive,1,4,45,Good,1.0,1.0,1.15,1.0,1.0,Critical,"Bumper, Door Panel, Headlights/Taillights, Radiator, Airbags, Frame, Engine",396600
627,98,17,2950235,5,1,Rear-end,Wet,Clear,Sedan,None,0,0,37,Good,1.0,1.3,1.0,1.0,1.0,Critical,"Bumper, Door Panel, Headlights/Taillights, Radiator, Airbags, Frame, Engine",672400
514,34,19,474023,3,1,Rollover,Dry,Clear,Two-wheeler,Third-party,1,3,32,Good,2.2,1.0,1.0,0.6,1.0,Moderate,"Bumper, Door Panel",230800
860,94,3,770529,2,1,Side,Wet,Clear,Sedan,Third-party,1,2,36,Worn,1.3,1.3,1.0,1.0,1.15,Critical,"Bumper, Door Panel, Headlights/Taillights, Radiator, Airbags, Frame, Engine",565300
137,120,9,2460682,2,1,Pole,Dry,Clear,Sedan,Comprehensive,1,0,49,Good,1.5,1.0,1.0,1.0,1.0,Total Loss,"Bumper, Hood, Headlights/Taillights, Radiator, Airbags, Frame, Engine, Total Loss",790500
812,113,15,1261703,4,1,Rear-end,Wet,Clear,SUV,Third-party,1,1,29,Good,1.0,1.3,1.0,1.3,1.0,Total Loss,"Bumper, Door Panel, Headlights/Taillights, Radiator, Airbags, Frame, Engine, Total Loss",739500
77,13,18,1838112,2,0,Rollover,Wet,Rain,Sedan,Third-party,1,3,23,Worn,2.2,1.3,1.25,1.0,1.15,Minor,Bumper,928700
637,117,19,2275608,5,1,Rear-end,Icy,Fog,Two-wheeler,Comprehensive,1,3,65,Bald,1.0,1.8,1.15,0.6,1.35,Total Loss,"Bumper, Door Panel, Headlights/Taillights, Radiator, Airbags, Frame, Engine, Total Loss",880900
974,119,15,2074329,4,1,Pole,Dry,Clear,Sedan,Comprehensive,1,3,63,Good,1.5,1.0,1.0,1.0,1.0,Total Loss,"Bumper, Hood, Headlights/Taillights, Radiator, Airbags, Frame, Engine, Total Loss",774800
939,100,13,676794,1,1,Side,Dry,Fog,Sedan,Third-party,1,1,57,Good,1.3,1.0,1.15,1.0,1.0,Critical,"Bumper, Door Panel, Headlights/Taillights, Radiator, Airbags, Frame, Engine",491900
900,36,19,637913,3,0,Rollover,Wet,Rain,Hatchback,Comprehensive,1,1,47,Worn,2.2,1.3,1.25,0.85,1.15,Moderate,"Bumper, Door Panel",413100
281,40,9,2918760,3,0,Side,Dry,Clear,Truck,Comprehensive,1,2,45,Bald,1.3,1.0,1.0,1.5,1.35,Moderate,"Bumper, Door Panel",792100
884,33,20,2079685,4,0,Rear-end,Wet,Clear,Sedan,Third-party,1,2,41,Worn,1.0,1.3,1.0,1.0,1.15,Moderate,"Bumper, Door Panel",386300
762,76,14,1652790,5,1,Head-on,Gravel,Rain,SUV,Third-party,1,4,68,Good,1.8,1.2,1.25,1.3,1.0,Severe,"Bumper, Hood, Headlights/Taillights, Radiator, Airbags, Frame",1159700
320,124,0,2970308,4,1,Rear-end,Dry,Clear,Two-wheeler,Comprehensive,0,3,44,Worn,1.0,1.0,1.0,0.6,1.15,Total Loss,"Bumper, Door Panel, Headlights/Taillights, Radiator, Airbags, Frame, Engine, Total Loss",401200
550,96,13,1075158,4,1,Rear-end,Wet,Rain,Truck,Comprehensive,0,1,39,Bald,1.0,1.3,1.25,1.5,1.35,Critical,"Bumper, Door Panel, Headlights/Taillights, Radiator, Airbags, Frame, Engine",1176100
175,97,4,423257,3,1,Rear-end,Wet,Rain,SUV,Comprehensive,0,1,66,Bald,1.0,1.3,1.25,1.3,1.35,Critical,"Bumper, Door Panel, Headlights/Taillights, Radiator, Airbags, Frame, Engine",757300
372,128,16,2327410,4,1,Pole,Dry,Rain,Hatchback,None,0,3,68,Good,1.5,1.0,1.25,0.85,1.0,Total Loss,"Bumper, Hood, Headlights/Taillights, Radiator, Airbags, Frame, Engine, Total Loss",929900
528,102,14,422775,4,1,Head-on,Icy,Rain,SUV,Third-party,1,1,55,Bald,1.8,1.8,1.25,1.3,1.35,Critical,"Bumper, Hood, Headlights/Taillights, Radiator, Airbags, Frame, Engine",2087200
211,132,17,2517181,1,1,Side,Dry,Fog,Hatchback,Third-party,1,4,26,Worn,1.3,1.0,1.15,0.85,1.15,Total Loss,"Bumper, Door Panel, Headlights/Taillights, Radiator, Airbags, Frame, Engine, Total Loss",931300
236,32,1,1528337,1,0,Rear-end,Dry,Clear,Truck,Third-party,1,2,28,Worn,1.0,1.0,1.0,1.5,1.15,Moderate,"Bumper, Door Panel",288400
102,9,18,1775153,5,0,Head-on,Gravel,Clear,Sedan,Comprehensive,0,3,49,Good,1.8,1.2,1.0,1.0,1.0,Minor,Minor scratches,442200
987,74,19,2948202,3,1,Side,Dry,Clear,Sedan,Comprehensive,1,0,62,Good,1.3,1.0,1.0,1.0,1.0,Severe,"Bumper, Door Panel, Headlights/Taillights, Radiator, Airbags, Frame",557400
903,34,3,2480707,1,0,Rear-end,Wet,Fog,Sedan,Third-party,1,4,70,Good,1.0,1.3,1.15,1.0,1.0,Moderate,"Bumper, Door Panel",348600
948,11,8,2405188,2,0,Head-on,Gravel,Clear,SUV,Comprehensive,1,4,27,Good,1.8,1.2,1.0,1.3,1.0,Minor,Bumper,696500
347,90,14,2430939,2,1,Rear-end,Wet,Rain,Sedan,Comprehensive,1,0,53,Good,1.0,1.3,1.25,1.0,1.0,Critical,"Bumper, Door Panel, Headlights/Taillights, Radiator, Airbags, Frame",684100
140,66,12,2080752,4,1,Pole,Icy,Rain,Sedan,Third-party,1,3,23,Worn,1.5,1.8,1.25,1.0,1.15,Severe,"Bumper, Hood, Headlights/Taillights, Radiator",1348300
622,77,13,423950,1,1,Pole,Dry,Clear,Sedan,Comprehensive,1,2,50,Worn,1.5,1.0,1.0,1.0,1.15,Severe,"Bumper, Hood, Headlights/Taillights, Radiator, Airbags, Frame",395000
500,94,17,1490631,3,1,Side,Icy,Clear,SUV,Third-party,1,1,32,Worn,1.3,1.8,1.0,1.3,1.15,Critical,"Bumper, Door Panel, Headlights/Taillights, Radiator, Airbags, Frame, Engine",1292600
371,88,2,1371860,4,1,Rear-end,Wet,Rain,Sedan,Third-party,1,0,67,Worn,1.0,1.3,1.25,1.0,1.15,Severe,"Bumper, Door Panel, Headlights/Taillights, Radiator, Airbags, Frame",553100
199,52,5,1819603,2,1,Rear-end,Dry,Rain,Sedan,Comprehensive,0,3,63,Good,1.0,1.0,1.25,1.0,1.0,Moderate,"Bumper, Door Panel, Headlights/Taillights",340600
688,74,10,1484141,1,1,Rear-end,Wet,Rain,Truck,Comprehensive,0,4,30,Worn,1.0,1.3,1.25,1.5,1.15,Severe,"Bumper, Door Panel, Headlights/Taillights, Radiator, Airbags, Frame",914900
585,21,0,1510578,3,0,Side,Icy,Clear,Sedan,Comprehensive,1,4,32,Worn,1.3,1.8,1.0,1.0,1.15,Minor,Bumper,464800
902,53,11,628821,1,1,Side,Wet,Clear,Truck,Third-party,1,0,23,Worn,1.3,1.3,1.0,1.5,1.15,Moderate,"Bumper, Door Panel, Headlights/Taillights",521900
60,48,4,1972717,5,1,Head-on,Dry,Fog,SUV,None,1,2,31,Good,1.8,1.0,1.15,1.3,1.0,Moderate,"Bumper, Hood, Headlights/Taillights",687100
329,131,11,2714802,4,1,Head-on,Wet,Clear,Hatchback,Comprehensive,0,1,34,Worn,1.8,1.3,1.0,0.85,1.15,Total Loss,"Bumper, Hood, Headlights/Taillights, Radiator, Airbags, Frame, Engine, Total Loss",1427100
97,108,13,1359325,3,1,Head-on,Wet,Rain,Hatchback,Third-party,1,0,29,Bald,1.8,1.3,1.25,0.85,1.35,Critical,"Bumper, Hood, Headlights/Taillights, Radiator, Airbags, Frame, Engine",1377200
313,103,3,1382424,3,1,Rear-end,Wet,Rain,Sedan,Third-party,1,0,45,Worn,1.0,1.3,1.25,1.0,1.15,Critical,"Bumper, Door Panel, Headlights/Taillights, Radiator, Airbags, Frame, Engine",661500
975,18,6,430544,2,0,Rollover,Dry,Fog,SUV,Comprehensive,1,2,41,Good,2.2,1.0,1.15,1.3,1.0,Minor,Bumper,209700
300,58,12,2921038,5,1,Rear-end,Dry,Clear,SUV,None,1,2,64,Worn,1.0,1.0,1.0,1.3,1.15,Moderate,"Bumper, Door Panel, Headlights/Taillights, Radiator",538300
278,64,12,1949729,4,1,Rear-end,Dry,Clear,SUV,Third-party,1,2,43,Worn,1.0,1.0,1.0,1.3,1.15,Severe,"Bumper, Door Panel, Headlights/Taillights, Radiator",470700
925,139,0,1633572,1,1,Rear-end,Dry,Snow,Two-wheeler,Comprehensive,1,0,49,Worn,1.0,1.0,1.4,0.6,1.15,Total Loss,"Bumper, Door Panel, Headlights/Taillights, Radiator, Airbags, Frame, Engine, Total Loss",514800
602,29,14,2946996,1,0,Rear-end,Wet,Rain,Truck,Comprehensive,1,0,62,Bald,1.0,1.3,1.25,1.5,1.35,Minor,"Bumper, Door Panel",959000
440,80,0,2447753,5,1,Rear-end,Icy,Fog,Hatchback,Comprehensive,1,3,34,Bald,1.0,1.8,1.15,0.85,1.35,Severe,"Bumper, Door Panel, Headlights/Taillights, Radiator, Airbags, Frame",921300
838,115,14,310651,5,1,Rear-end,Wet,Clear,Sedan,Comprehensive,1,4,49,Good,1.0,1.3,1.0,1.0,1.0,Total Loss,"Bumper, Door Panel, Headlights/Taillights, Radiator, Airbags, Frame, Engine, Total Loss",483400
571,86,7,832726,3,1,Rollover,Dry,Snow,SUV,Comprehensive,0,3,32,Worn,2.2,1.0,1.4,1.3,1.15,Severe,"Bumper, Door Panel, Headlights/Taillights, Radiator, Airbags, Frame",1357300
880,132,16,2780547,4,1,Head-on,Dry,Fog,SUV,Comprehensive,1,2,69,Worn,1.8,1.0,1.15,1.3,1.15,Total Loss,"Bumper, Hood, Headlights/Taillights, Radiator, Airbags, Frame, Engine, Total Loss",1909300
262,71,18,2630255,1,1,Head-on,Dry,Clear,Two-wheeler,Third-party,1,1,35,Worn,1.8,1.0,1.0,0.6,1.15,Severe,"Bumper, Hood, Headlights/Taillights, Radiator, Airbags, Frame",497300
579,55,13,1610077,5,1,Rollover,Dry,Clear,SUV,Third-party,1,3,25,Worn,2.2,1.0,1.0,1.3,1.15,Moderate,"Bumper, Door Panel, Headlights/Taillights",957900
24,53,10,360545,3,1,Rear-end,Dry,Snow,Sedan,Third-party,0,3,19,Good,1.0,1.0,1.4,1.0,1.0,Moderate,"Bumper, Door Panel, Headlights/Taillights",254500
31,135,14,1001692,4,1,Side,Dry,Clear,Sedan,Comprehensive,0,4,53,Good,1.3,1.0,1.0,1.0,1.0,Total Loss,"Bumper, Door Panel, Headlights/Taillights, Radiator, Airbags, Frame, Engine, Total Loss",666000
618,50,4,458588,3,1,Side,Dry,Clear,Sedan,Third-party,1,4,23,Bald,1.3,1.0,1.0,1.0,1.35,Moderate,"Bumper, Door Panel, Headlights/Taillights",303100
11,121,16,307967,3,1,Pole,Dry,Clear,Truck,Comprehensive,1,3,67,Good,1.5,1.0,1.0,1.5,1.0,Total Loss,"Bumper, Hood, Headlights/Taillights, Radiator, Airbags, Frame, Engine, Total Loss",879500
222,132,1,922893,1,1,Rear-end,Wet,Rain,Sedan,Comprehensive,1,2,47,Good,1.0,1.3,1.25,1.0,1.0,Total Loss,"Bumper, Door Panel, Headlights/Taillights, Radiator, Airbags, Frame, Engine, Total Loss",746400
821,119,17,2827751,3,1,Head-on,Wet,Clear,Hatchback,Comprehensive,1,1,23,Good,1.8,1.3,1.0,0.85,1.0,Total Loss,"Bumper, Hood, Headlights/Taillights, Radiator, Airbags, Frame, Engine, Total Loss",1161600
297,53,16,716978,3,1,Rollover,Dry,Clear,Two-wheeler,Third-party,1,1,62,Worn,2.2,1.0,1.0,0.6,1.15,Moderate,"Bumper, Door Panel, Headlights/Taillights",297200
55,138,9,1530844,1,1,Rear-end,Gravel,Clear,Sedan,Third-party,0,2,66,Good,1.0,1.2,1.0,1.0,1.0,Total Loss,"Bumper, Door Panel, Headlights/Taillights, Radiator, Airbags, Frame, Engine, Total Loss",650400
543,114,0,1826534,3,1,Pole,Dry,Rain,Two-wheeler,Comprehensive,1,0,35,Good,1.5,1.0,1.25,0.6,1.0,Total Loss,"Bumper, Hood, Headlights/Taillights, Radiator, Airbags, Frame, Engine, Total Loss",491900
210,97,17,2521599,1,1,Side,Dry,Rain,Truck,Third-party,1,1,48,Worn,1.3,1.0,1.25,1.5,1.15,Critical,"Bumper, Door Panel, Headlights/Taillights, Radiator, Airbags, Frame, Engine",1290000
605,65,11,671233,4,1,Side,Dry,Clear,SUV,None,0,1,24,Good,1.3,1.0,1.0,1.3,1.0,Severe,"Bumper, Door Panel, Headlights/Taillights, Radiator",391500
693,66,3,377175,5,1,Pole,Dry,Clear,Sedan,Third-party,1,3,28,Bald,1.5,1.0,1.0,1.0,1.35,Severe,"Bumper, Hood, Headlights/Taillights, Radiator",377700
663,130,11,2112336,1,1,Side,Dry,Rain,Hatchback,Comprehensive,1,0,26,Bald,1.3,1.0,1.25,0.85,1.35,Total Loss,"Bumper, Door Panel, Headlights/Taillights, Radiator, Airbags, Frame, Engine, Total Loss",1018400
867,57,7,810370,4,1,Head-on,Dry,Clear,Truck,Third-party,0,2,69,Bald,1.8,1.0,1.0,1.5,1.35,Moderate,"Bumper, Hood, Headlights/Taillights, Radiator",708100
71,45,16,802420,1,1,Head-on,Icy,Clear,Hatchback,Comprehensive,1,1,68,Good,1.8,1.8,1.0,0.85,1.0,Moderate,"Bumper, Hood, Headlights/Taillights",499000
544,5,2,1124143,3,0,Rear-end,Wet,Clear,Sedan,Comprehensive,1,0,61,Good,1.0,1.3,1.0,1.0,1.0,Minor,Minor scratches,99200
108,128,6,2375020,2,1,Head-on,Dry,Clear,Hatchback,Comprehensive,1,0,38,Worn,1.8,1.0,1.0,0.85,1.15,Total Loss,"Bumper, Hood, Headlights/Taillights, Radiator, Airbags, Frame, Engine, Total Loss",994600
494,20,7,1124255,2,0,Head-on,Dry,Rain,SUV,Comprehensive,1,1,21,Bald,1.8,1.0,1.25,1.3,1.35,Minor,Bumper,475900
591,130,0,1916596,5,1,Pole,Wet,Rain,Hatchback,Third-party,1,4,58,Good,1.5,1.3,1.25,0.85,1.0,Total Loss,"Bumper, Hood, Headlights/Taillights, Radiator, Airbags, Frame, Engine, Total Loss",1082200
742,77,11,2534805,2,1,Pole,Wet,Rain,Hatchback,Third-party,1,0,39,Good,1.5,1.3,1.25,0.85,1.0,Severe,"Bumper, Hood, Headlights/Taillights, Radiator, Airbags, Frame",810800
293,129,12,2040687,4,1,Head-on,Wet,Clear,Hatchback,Third-party,1,3,66,Worn,1.8,1.3,1.0,0.85,1.15,Total Loss,"Bumper, Hood, Headlights/Taillights, Radiator, Airbags, Frame, Engine, Total Loss",1242500
290,90,11,1726445,1,1,Side,Gravel,Snow,Truck,Third-party,1,2,49,Good,1.3,1.2,1.4,1.5,1.0,Critical,"Bumper, Door Panel, Headlights/Taillights, Radiator, Airbags, Frame",1221400
653,111,0,776513,5,1,Rear-end,Dry,Rain,SUV,Comprehensive,0,4,42,Worn,1.0,1.0,1.25,1.3,1.15,Total Loss,"Bumper, Door Panel, Headlights/Taillights, Radiator, Airbags, Frame, Engine, Total Loss",708700
40,18,10,437478,3,0,Rear-end,Wet,Rain,Two-wheeler,Comprehensive,0,4,30,Good,1.0,1.3,1.25,0.6,1.0,Minor,Bumper,105600
590,57,11,2809256,5,1,Rear-end,Dry,Rain,Sedan,Comprehensive,0,4,24,Worn,1.0,1.0,1.25,1.0,1.15,Moderate,"Bumper, Door Panel, Headlights/Taillights, Radiator",562700
308,10,1,2501044,3,0,Head-on,Icy,Clear,SUV,Comprehensive,0,4,20,Good,1.8,1.8,1.0,1.3,1.0,Minor,Minor scratches,963700
680,10,0,2838568,5,0,Side,Wet,Rain,Hatchback,Comprehensive,1,2,42,Worn,1.3,1.3,1.25,0.85,1.15,Minor,Minor scratches,494800
67,115,18,363037,2,1,Rollover,Dry,Clear,Sedan,Comprehensive,0,1,69,Bald,2.2,1.0,1.0,1.0,1.35,Total Loss,"Bumper, Door Panel, Headlights/Taillights, Radiator, Airbags, Frame, Engine, Total Loss",1061000
276,54,4,989556,3,1,Rear-end,Dry,Rain,Sedan,Comprehensive,0,2,34,Good,1.0,1.0,1.25,1.0,1.0,Moderate,"Bumper, Door Panel, Headlights/Taillights",269100
68,57,4,2927988,5,1,Rear-end,Dry,Clear,Sedan,Comprehensive,1,1,63,Good,1.0,1.0,1.0,1.0,1.0,Moderate,"Bumper, Door Panel, Headlights/Taillights, Radiator",357900
319,110,9,2020023,3,1,Head-on,Dry,Rain,Sedan,None,1,0,38,Good,1.8,1.0,1.25,1.0,1.0,Total Loss,"Bumper, Hood, Headlights/Taillights, Radiator, Airbags, Frame, Engine",1000800
549,38,11,2260155,2,0,Rear-end,Wet,Clear,Sedan,Third-party,1,0,35,Bald,1.0,1.3,1.0,1.0,1.35,Moderate,"Bumper, Door Panel",437500
999,110,2,902276,5,1,Rear-end,Wet,Clear,Hatchback,Third-party,0,1,44,Bald,1.0,1.3,1.0,0.85,1.35,Total Loss,"Bumper, Door Panel, Headlights/Taillights, Radiator, Airbags, Frame, Engine",544900
715,137,16,2407037,5,1,Head-on,Wet,Rain,Sedan,Third-party,1,4,28,Good,1.8,1.3,1.25,1.0,1.0,Total Loss,"Bumper, Hood, Headlights/Taillights, Radiator, Airbags, Frame, Engine, Total Loss",1860000
754,80,10,1741985,3,1,Rollover,Dry,Clear,SUV,Third-party,0,0,50,Good,2.2,1.0,1.0,1.3,1.0,Severe,"Bumper, Door Panel, Headlights/Taillights, Radiator, Airbags, Frame",911700
328,27,19,1196816,5,0,Rollover,Wet,Snow,Hatchback,Comprehensive,1,4,70,Bald,2.2,1.3,1.4,0.85,1.35,Minor,"Bumper, Door Panel",763500
383,99,14,460381,2,1,Head-on,Dry,Snow,Truck,None,0,1,67,Worn,1.8,1.0,1.4,1.5,1.15,Critical,"Bumper, Hood, Headlights/Taillights, Radiator, Airbags, Frame, Engine",1336400
452,90,14,1698616,3,1,Rollover,Icy,Clear,SUV,Third-party,1,0,20,Bald,2.2,1.8,1.0,1.3,1.35,Critical,"Bumper, Door Panel, Headlights/Taillights, Radiator, Airbags, Frame",2608800
523,30,3,1250162,2,0,Head-on,Wet,Rain,Two-wheeler,Comprehensive,1,0,66,Worn,1.8,1.3,1.25,0.6,1.15,Moderate,"Bumper, Hood",231900
219,132,3,1847261,1,1,Rear-end,Wet,Rain,Sedan,Comprehensive,1,4,36,Bald,1.0,1.3,1.25,1.0,1.35,Total Loss,"Bumper, Door Panel, Headlights/Taillights, Radiator, Airbags, Frame, Engine, Total Loss",1180700
788,57,9,565972,2,1,Head-on,Dry,Fog,SUV,Third-party,0,0,34,Good,1.8,1.0,1.15,1.3,1.0,Moderate,"Bumper, Hood, Headlights/Taillights, Radiator",519000
437,126,0,2867822,5,1,Pole,Dry,Rain,Hatchback,Comprehensive,1,4,32,Worn,1.5,1.0,1.25,0.85,1.15,Total Loss,"Bumper, Hood, Headlights/Taillights, Radiator, Airbags, Frame, Engine, Total Loss",1073100
765,18,12,2554736,3,0,Rear-end,Icy,Clear,Sedan,Third-party,1,3,63,Worn,1.0,1.8,1.0,1.0,1.15,Minor,Bumper,492400
89,139,12,1271248,1,1,Pole,Wet,Rain,Sedan,Third-party,1,4,50,Bald,1.5,1.3,1.25,1.0,1.35,Total Loss,"Bumper, Hood, Headlights/Taillights, Radiator, Airbags, Frame, Engine, Total Loss",1801100
64,19,5,1541597,3,0,Rear-end,Dry,Clear,Hatchback,None,1,3,32,Worn,1.0,1.0,1.0,0.85,1.15,Minor,Bumper,166500
827,15,4,1501838,1,0,Rear-end,Dry,Fog,SUV,Comprehensive,1,1,62,Good,1.0,1.0,1.15,1.3,1.0,Minor,Bumper,191600
717,122,2,1152746,5,1,Rear-end,Dry,Fog,Hatchback,Comprehensive,1,1,21,Bald,1.0,1.0,1.15,0.85,1.35,Total Loss,"Bumper, Door Panel, Headlights/Taillights, Radiator, Airbags, Frame, Engine, Total Loss",566300
352,89,13,611955,3,1,Rollover,Wet,Clear,Sedan,Third-party,1,3,54,Good,2.2,1.3,1.0,1.0,1.0,Severe,"Bumper, Door Panel, Headlights/Taillights, Radiator, Airbags, Frame",815300
937,12,19,2093795,2,0,Head-on,Dry,Clear,Sedan,Comprehensive,1,2,48,Good,1.8,1.0,1.0,1.0,1.0,Minor,Bumper,412100
257,132,7,1095928,4,1,Rear-end,Dry,Clear,Truck,Comprehensive,1,0,45,Good,1.0,1.0,1.0,1.5,1.0,Total Loss,"Bumper, Door Panel, Headlights/Taillights, Radiator, Airbags, Frame, Engine, Total Loss",689400
636,12,5,927220,4,0,Head-on,Dry,Clear,SUV,Comprehensive,1,4,51,Good,1.8,1.0,1.0,1.3,1.0,Minor,Bumper,254600
645,134,20,1852226,1,1,Rear-end,Dry,Clear,Truck,Comprehensive,0,2,56,Good,1.0,1.0,1.0,1.5,1.0,Total Loss,"Bumper, Door Panel, Headlights/Taillights, Radiator, Airbags, Frame, Engine, Total Loss",862700
555,7,5,573349,5,0,Head-on,Dry,Fog,Two-wheeler,Comprehensive,1,0,53,Good,1.8,1.0,1.15,0.6,1.0,Minor,Minor scratches,74300
960,123,19,2633679,5,1,Rear-end,Icy,Fog,Two-wheeler,Third-party,0,0,33,Good,1.0,1.8,1.15,0.6,1.0,Total Loss,"Bumper, Door Panel, Headlights/Taillights, Radiator, Airbags, Frame, Engine, Total Loss",735000
169,73,14,1838510,1,1,Pole,Wet,Clear,Hatchback,Comprehensive,1,0,28,Good,1.5,1.3,1.0,0.85,1.0,Severe,"Bumper, Hood, Headlights/Taillights, Radiator, Airbags, Frame",545900
918,36,12,1088443,5,0,Rear-end,Wet,Clear,Two-wheeler,Comprehensive,0,0,48,Good,1.0,1.3,1.0,0.6,1.0,Moderate,"Bumper, Door Panel",114800
529,109,1,1269211,2,1,Rear-end,Gravel,Clear,Two-wheeler,Comprehensive,1,1,27,Worn,1.0,1.2,1.0,0.6,1.15,Critical,"Bumper, Door Panel, Headlights/Taillights, Radiator, Airbags, Frame, Engine",319800
824,47,9,1820982,4,1,Rear-end,Dry,Fog,Sedan,Third-party,1,4,56,Good,1.0,1.0,1.15,1.0,1.0,Moderate,"Bumper, Door Panel, Headlights/Taillights",312200
986,79,13,1806145,1,1,Head-on,Dry,Rain,Two-wheeler,Third-party,1,0,63,Good,1.8,1.0,1.25,0.6,1.0,Severe,"Bumper, Hood, Headlights/Taillights, Radiator, Airbags, Frame",440700
817,72,18,1010644,4,1,Rollover,Wet,Clear,Truck,None,1,1,33,Good,2.2,1.3,1.0,1.5,1.0,Severe,"Bumper, Door Panel, Headlights/Taillights, Radiator, Airbags, Frame",1151000
87,45,14,1652144,5,1,Rear-end,Dry,Rain,Sedan,Comprehensive,1,4,27,Good,1.0,1.0,1.25,1.0,1.0,Moderate,"Bumper, Door Panel, Headlights/Taillights",338600
433,61,0,415359,1,1,Head-on,Dry,Clear,Hatchback,Comprehensive,1,2,35,Worn,1.8,1.0,1.0,0.85,1.15,Severe,"Bumper, Hood, Headlights/Taillights, Radiator",269800
185,15,19,1540351,5,0,Side,Dry,Rain,SUV,Comprehensive,1,0,57,Good,1.3,1.0,1.25,1.3,1.0,Minor,Bumper,360700
979,107,14,693574,3,1,Rear-end,Wet,Rain,Sedan,Comprehensive,1,4,56,Worn,1.0,1.3,1.25,1.0,1.15,Critical,"Bumper, Door Panel, Headlights/Taillights, Radiator, Airbags, Frame, Engine",687900
535,137,18,2569070,4,1,Rear-end,Gravel,Rain,SUV,Comprehensive,1,3,37,Good,1.0,1.2,1.25,1.3,1.0,Total Loss,"Bumper, Door Panel, Headlights/Taillights, Radiator, Airbags, Frame, Engine, Total Loss",1271700
295,62,16,1045182,5,1,Side,Dry,Rain,SUV,Third-party,1,2,56,Good,1.3,1.0,1.25,1.3,1.0,Severe,"Bumper, Door Panel, Headlights/Taillights, Radiator",527100
893,67,1,2713608,5,1,Rollover,Dry,Clear,SUV,Comprehensive,1,3,22,Good,2.2,1.0,1.0,1.3,1.0,Severe,"Bumper, Door Panel, Headlights/Taillights, Radiator",1044000
426,115,8,1233396,2,1,Head-on,Dry,Clear,SUV,Third-party,1,0,54,Good,1.8,1.0,1.0,1.3,1.0,Total Loss,"Bumper, Hood, Headlights/Taillights, Radiator, Airbags, Frame, Engine, Total Loss",900900
714,48,0,875919,3,1,Rear-end,Dry,Clear,Sedan,Third-party,1,0,70,Bald,1.0,1.0,1.0,1.0,1.35,Moderate,"Bumper, Door Panel, Headlights/Taillights",204500
261,62,5,2125977,1,1,Head-on,Dry,Fog,SUV,Comprehensive,1,1,37,Good,1.8,1.0,1.15,1.3,1.0,Severe,"Bumper, Hood, Headlights/Taillights, Radiator",835800
238,65,5,784814,3,1,Head-on,Wet,Clear,Truck,None,1,0,67,Good,1.8,1.3,1.0,1.5,1.0,Severe,"Bumper, Hood, Headlights/Taillights, Radiator",683300
560,137,6,2329450,1,1,Rear-end,Gravel,Clear,SUV,Third-party,1,1,19,Worn,1.0,1.2,1.0,1.3,1.15,Total Loss,"Bumper, Door Panel, Headlights/Taillights, Radiator, Airbags, Frame, Engine, Total Loss",1062600
584,78,8,2004581,1,1,Rear-end,Dry,Clear,Hatchback,Third-party,1,2,53,Good,1.0,1.0,1.0,0.85,1.0,Severe,"Bumper, Door Panel, Headlights/Taillights, Radiator, Airbags, Frame",295300
446,9,6,551924,2,0,Head-on,Gravel,Clear,Truck,Comprehensive,1,0,54,Good,1.8,1.2,1.0,1.5,1.0,Minor,Minor scratches,151200
868,61,4,2923722,4,1,Rear-end,Wet,Rain,SUV,Third-party,0,2,31,Worn,1.0,1.3,1.25,1.3,1.15,Severe,"Bumper, Door Panel, Headlights/Taillights, Radiator",906300
801,37,12,2773894,2,0,Rear-end,Dry,Clear,Hatchback,Comprehensive,1,4,67,Worn,1.0,1.0,1.0,0.85,1.15,Moderate,"Bumper, Door Panel",288500
600,108,16,521373,3,1,Side,Gravel,Clear,Hatchback,Comprehensive,0,0,18,Bald,1.3,1.2,1.0,0.85,1.35,Critical,"Bumper, Door Panel, Headlights/Taillights, Radiator, Airbags, Frame, Engine",664500
850,35,17,1161069,2,0,Rollover,Icy,Clear,Truck,Comprehensive,1,2,20,Good,2.2,1.8,1.0,1.5,1.0,Moderate,"Bumper, Door Panel",1014600
266,36,15,2840034,5,0,Rear-end,Icy,Rain,SUV,Comprehensive,1,2,62,Good,1.0,1.8,1.25,1.3,1.0,Moderate,"Bumper, Door Panel",842900
996,80,15,2572919,5,1,Side,Dry,Clear,Hatchback,Comprehensive,0,3,48,Bald,1.3,1.0,1.0,0.85,1.35,Severe,"Bumper, Door Panel, Headlights/Taillights, Radiator, Airbags, Frame",626400
530,103,3,2210947,4,1,Head-on,Gravel,Clear,Hatchback,Third-party,0,1,59,Worn,1.8,1.2,1.0,0.85,1.15,Critical,"Bumper, Hood, Headlights/Taillights, Radiator, Airbags, Frame, Engine",921200
56,58,6,2756070,3,1,Side,Dry,Clear,Hatchback,None,1,4,62,Good,1.3,1.0,1.0,0.85,1.0,Moderate,"Bumper, Door Panel, Headlights/Taillights, Radiator",390100
121,49,10,1995675,3,1,Side,Dry,Clear,Sedan,Third-party,0,3,31,Good,1.3,1.0,1.0,1.0,1.0,Moderate,"Bumper, Door Panel, Headlights/Taillights",397700
216,37,12,1536497,4,0,Head-on,Dry,Clear,Truck,Comprehensive,1,2,25,Good,1.8,1.0,1.0,1.5,1.0,Moderate,"Bumper, Hood",542000
26,19,16,2396594,2,0,Rollover,Dry,Rain,SUV,Comprehensive,1,2,51,Good,2.2,1.0,1.25,1.3,1.0,Minor,Bumper,904600
73,49,16,1634742,1,1,Head-on,Wet,Clear,Sedan,Third-party,1,3,31,Good,1.8,1.3,1.0,1.0,1.0,Moderate,"Bumper, Hood, Headlights/Taillights",667400
45,88,8,2420464,3,1,Rollover,Dry,Clear,Truck,Third-party,1,0,40,Good,2.2,1.0,1.0,1.5,1.0,Severe,"Bumper, Door Panel, Headlights/Taillights, Radiator, Airbags, Frame",1354900
248,128,12,2930146,3,1,Pole,Wet,Clear,Two-wheeler,Comprehensive,1,1,39,Bald,1.5,1.3,1.0,0.6,1.35,Total Loss,"Bumper, Hood, Headlights/Taillights, Radiator, Airbags, Frame, Engine, Total Loss",990800
722,51,7,2971252,2,1,Rear-end,Gravel,Rain,Sedan,Comprehensive,0,4,27,Good,1.0,1.2,1.25,1.0,1.0,Moderate,"Bumper, Door Panel, Headlights/Taillights",583300
282,24,10,2514387,1,0,Rear-end,Gravel,Clear,Sedan,Comprehensive,1,1,25,Bald,1.0,1.2,1.0,1.0,1.35,Minor,Bumper,402000
894,108,11,1679390,4,1,Head-on,Wet,Rain,Hatchback,Third-party,1,1,69,Good,1.8,1.3,1.25,0.85,1.0,Critical,"Bumper, Hood, Headlights/Taillights, Radiator, Airbags, Frame, Engine",1060200
915,59,19,545404,3,1,Rollover,Dry,Rain,Sedan,Comprehensive,1,2,22,Good,2.2,1.0,1.25,1.0,1.0,Moderate,"Bumper, Door Panel, Headlights/Taillights, Radiator",607100
811,51,7,492512,3,1,Rear-end,Gravel,Clear,SUV,Third-party,1,0,64,Worn,1.0,1.2,1.0,1.3,1.15,Moderate,"Bumper, Door Panel, Headlights/Taillights",297300
245,121,15,2464412,1,1,Head-on,Wet,Fog,Hatchback,Comprehensive,1,0,22,Good,1.8,1.3,1.15,0.85,1.0,Total Loss,"Bumper, Hood, Headlights/Taillights, Radiator, Airbags, Frame, Engine, Total Loss",1277400
823,30,3,947341,3,0,Side,Dry,Clear,Sedan,Third-party,1,3,66,Good,1.3,1.0,1.0,1.0,1.0,Moderate,"Bumper, Door Panel",137700
322,23,17,598871,5,0,Pole,Wet,Clear,Hatchback,Comprehensive,1,4,23,Worn,1.5,1.3,1.0,0.85,1.15,Minor,Bumper,235400
644,82,17,2188806,2,1,Head-on,Dry,Clear,SUV,Third-party,0,0,51,Good,1.8,1.0,1.0,1.3,1.0,Severe,"Bumper, Hood, Headlights/Taillights, Radiator, Airbags, Frame",941300
159,58,12,2818638,1,1,Rear-end,Dry,Rain,Sedan,Comprehensive,1,0,37,Good,1.0,1.0,1.25,1.0,1.0,Moderate,"Bumper, Door Panel, Headlights/Taillights, Radiator",454300
978,29,8,2921578,4,1,Head-on,Dry,Clear,SUV,Comprehensive,1,3,56,Good,1.8,1.0,1.0,1.3,1.0,Minor,"Bumper, Hood",742500
430,29,14,2100830,4,0,Side,Wet,Fog,Sedan,None,1,2,44,Good,1.3,1.3,1.15,1.0,1.0,Minor,"Bumper, Door Panel",426800
942,36,17,2512750,1,1,Pole,Gravel,Rain,Sedan,Third-party,1,0,53,Worn,1.5,1.2,1.25,1.0,1.15,Moderate,"Bumper, Hood",800200
463,43,8,2495004,1,1,Pole,Dry,Clear,SUV,Third-party,1,0,50,Good,1.5,1.0,1.0,1.3,1.0,Moderate,"Bumper, Hood, Headlights/Taillights",594000
310,120,4,1539444,4,1,Head-on,Dry,Rain,Sedan,Comprehensive,0,4,26,Worn,1.8,1.0,1.25,1.0,1.15,Total Loss,"Bumper, Hood, Headlights/Taillights, Radiator, Airbags, Frame, Engine, Total Loss",1229700
698,35,17,1858242,5,0,Head-on,Icy,Snow,Hatchback,Third-party,1,1,32,Good,1.8,1.8,1.4,0.85,1.0,Moderate,"Bumper, Hood",860800
61,18,11,855462,5,0,Side,Gravel,Clear,Hatchback,Third-party,1,3,63,Worn,1.3,1.2,1.0,0.85,1.15,Minor,Bumper,171000
885,67,7,2197501,3,1,Rollover,Wet,Fog,Sedan,Third-party,1,1,57,Worn,2.2,1.3,1.15,1.0,1.15,Severe,"Bumper, Door Panel, Headlights/Taillights, Radiator",1255800
596,99,4,490237,3,1,Side,Dry,Clear,Truck,Comprehensive,1,4,55,Good,1.3,1.0,1.0,1.5,1.0,Critical,"Bumper, Door Panel, Headlights/Taillights, Radiator, Airbags, Frame, Engine",536100
768,39,13,1913447,1,0,Side,Icy,Fog,Hatchback,Comprehensive,0,1,24,Good,1.3,1.8,1.15,0.85,1.0,Moderate,"Bumper, Door Panel",534300
650,11,14,1173093,2,0,Rear-end,Wet,Rain,Sedan,Comprehensive,1,0,20,Good,1.0,1.3,1.25,1.0,1.0,Minor,Bumper,249600
651,7,14,1109178,1,0,Head-on,Icy,Fog,Hatchback,Comprehensive,1,3,62,Worn,1.8,1.8,1.15,0.85,1.15,Minor,Minor scratches,507400
866,119,3,1443051,1,1,Rear-end,Dry,Clear,Sedan,Comprehensive,1,0,67,Good,1.0,1.0,1.0,1.0,1.0,Total Loss,"Bumper, Door Panel, Headlights/Taillights, Radiator, Airbags, Frame, Engine, Total Loss",407500
669,71,18,1270834,4,1,Head-on,Wet,Fog,Sedan,Comprehensive,1,4,37,Good,1.8,1.3,1.15,1.0,1.0,Severe,"Bumper, Hood, Headlights/Taillights, Radiator, Airbags, Frame",794900
299,19,1,924771,2,0,Rear-end,Icy,Rain,Sedan,None,1,4,68,Good,1.0,1.8,1.25,1.0,1.0,Minor,Bumper,212400
690,8,1,858516,4,0,Side,Dry,Rain,SUV,None,1,3,33,Good,1.3,1.0,1.25,1.3,1.0,Minor,Minor scratches,191500
315,56,3,1638486,3,1,Head-on,Gravel,Fog,Sedan,Comprehensive,1,0,30,Good,1.8,1.2,1.15,1.0,1.0,Moderate,"Bumper, Hood, Headlights/Taillights, Radiator",597500
311,98,3,2227205,5,1,Head-on,Dry,Rain,Hatchback,None,1,0,45,Good,1.8,1.0,1.25,0.85,1.0,Critical,"Bumper, Hood, Headlights/Taillights, Radiator, Airbags, Frame, Engine",757100
362,100,19,963689,4,1,Rear-end,Wet,Clear,Truck,Third-party,1,4,44,Good,1.0,1.3,1.0,1.5,1.0,Critical,"Bumper, Door Panel, Headlights/Taillights, Radiator, Airbags, Frame, Engine",729100
480,51,8,1938497,1,1,Side,Dry,Clear,Sedan,Comprehensive,1,4,28,Worn,1.3,1.0,1.0,1.0,1.15,Moderate,"Bumper, Door Panel, Headlights/Taillights",419200
111,56,9,2821279,2,1,Side,Dry,Fog,Hatchback,Comprehensive,1,3,68,Bald,1.3,1.0,1.15,0.85,1.35,Moderate,"Bumper, Door Panel, Headlights/Taillights, Radiator",621700
990,46,1,994780,2,1,Rear-end,Dry,Rain,Sedan,Comprehensive,1,4,19,Good,1.0,1.0,1.25,1.0,1.0,Moderate,"Bumper, Door Panel, Headlights/Taillights",250000
487,5,12,2467354,3,0,Head-on,Dry,Fog,Hatchback,Comprehensive,1,4,47,Good,1.8,1.0,1.15,0.85,1.0,Minor,Minor scratches,419900
364,73,18,1395426,1,1,Head-on,Dry,Clear,Sedan,Comprehensive,0,2,52,Worn,1.8,1.0,1.0,1.0,1.15,Severe,"Bumper, Hood, Headlights/Taillights, Radiator, Airbags, Frame",645300
255,120,7,404555,4,1,Head-on,Dry,Clear,Hatchback,Third-party,1,4,42,Bald,1.8,1.0,1.0,0.85,1.35,Total Loss,"Bumper, Hood, Headlights/Taillights, Radiator, Airbags, Frame, Engine, Total Loss",784700
260,58,0,2962761,5,1,Side,Dry,Clear,Sedan,Third-party,0,2,29,Good,1.3,1.0,1.0,1.0,1.0,Moderate,"Bumper, Door Panel, Headlights/Taillights, Radiator",481200
803,70,14,1155080,1,1,Rear-end,Wet,Clear,Hatchback,None,1,3,37,Bald,1.0,1.3,1.0,0.85,1.35,Severe,"Bumper, Door Panel, Headlights/Taillights, Radiator",444400
678,46,5,1376941,3,1,Head-on,Dry,Rain,Sedan,Comprehensive,0,3,56,Worn,1.8,1.0,1.25,1.0,1.15,Moderate,"Bumper, Hood, Headlights/Taillights",607500
495,106,20,580852,5,1,Side,Dry,Fog,SUV,Third-party,1,1,32,Good,1.3,1.0,1.15,1.3,1.0,Critical,"Bumper, Door Panel, Headlights/Taillights, Radiator, Airbags, Frame, Engine",691100
671,115,13,2936722,3,1,Side,Dry,Clear,Two-wheeler,Third-party,1,1,31,Worn,1.3,1.0,1.0,0.6,1.15,Total Loss,"Bumper, Door Panel, Headlights/Taillights, Radiator, Airbags, Frame, Engine, Total Loss",495200
378,78,7,2920308,2,1,Head-on,Wet,Rain,Sedan,Comprehensive,0,0,49,Good,1.8,1.3,1.25,1.0,1.0,Severe,"Bumper, Hood, Headlights/Taillights, Radiator, Airbags, Frame",1200500
527,31,1,1528807,2,0,Pole,Dry,Clear,Hatchback,Comprehensive,1,3,33,Worn,1.5,1.0,1.0,0.85,1.15,Moderate,"Bumper, Hood",238600
846,76,1,2842017,1,1,Rear-end,Dry,Fog,SUV,None,1,4,21,Worn,1.0,1.0,1.15,1.3,1.15,Severe,"Bumper, Door Panel, Headlights/Taillights, Radiator, Airbags, Frame",705500
138,7,1,1900946,4,0,Side,Wet,Fog,Sedan,Comprehensive,1,3,27,Worn,1.3,1.3,1.15,1.0,1.15,Minor,Minor scratches,393400
356,105,16,1865070,4,1,Head-on,Wet,Fog,Hatchback,Comprehensive,1,0,64,Worn,1.8,1.3,1.15,0.85,1.15,Critical,"Bumper, Hood, Headlights/Taillights, Radiator, Airbags, Frame, Engine",1113700
366,20,2,2626133,2,0,Rear-end,Dry,Rain,Sedan,Third-party,1,2,45,Good,1.0,1.0,1.25,1.0,1.0,Minor,Bumper,284100
943,124,12,2647252,3,1,Pole,Dry,Fog,Sedan,Comprehensive,1,1,41,Good,1.5,1.0,1.15,1.0,1.0,Total Loss,"Bumper, Hood, Headlights/Taillights, Radiator, Airbags, Frame, Engine, Total Loss",990600
750,66,11,853091,3,1,Head-on,Wet,Rain,Sedan,Comprehensive,1,4,64,Worn,1.8,1.3,1.25,1.0,1.15,Severe,"Bumper, Hood, Headlights/Taillights, Radiator",753000
949,89,0,1904642,1,1,Head-on,Wet,Rain,Hatchback,Comprehensive,1,1,40,Good,1.8,1.3,1.25,0.85,1.0,Severe,"Bumper, Hood, Headlights/Taillights, Radiator, Airbags, Frame",855400
830,42,2,1287073,2,1,Side,Wet,Clear,SUV,Third-party,1,0,65,Worn,1.3,1.3,1.0,1.3,1.15,Moderate,"Bumper, Door Panel, Headlights/Taillights",450700
657,19,17,1613379,3,1,Side,Dry,Fog,Truck,Comprehensive,1,4,67,Good,1.3,1.0,1.15,1.5,1.0,Minor,Bumper,557500
200,135,4,2268541,5,1,Side,Wet,Clear,Truck,Third-party,0,3,59,Worn,1.3,1.3,1.0,1.5,1.15,Total Loss,"Bumper, Door Panel, Headlights/Taillights, Radiator, Airbags, Frame, Engine, Total Loss",1695000
214,58,2,2959083,3,1,Side,Dry,Rain,SUV,None,1,3,56,Good,1.3,1.0,1.25,1.3,1.0,Moderate,"Bumper, Door Panel, Headlights/Taillights, Radiator",722100
409,103,12,786799,5,1,Side,Wet,Rain,Truck,Comprehensive,1,4,19,Good,1.3,1.3,1.25,1.5,1.0,Critical,"Bumper, Door Panel, Headlights/Taillights, Radiator, Airbags, Frame, Engine",1170900
333,5,5,2572158,2,0,Head-on,Wet,Clear,Hatchback,Comprehensive,1,2,38,Worn,1.8,1.3,1.0,0.85,1.15,Minor,Minor scratches,502000
209,103,2,2690137,4,1,Side,Dry,Snow,Two-wheeler,Third-party,1,3,36,Worn,1.3,1.0,1.4,0.6,1.15,Critical,"Bumper, Door Panel, Headlights/Taillights, Radiator, Airbags, Frame, Engine",613000
614,5,2,2831086,4,0,Side,Dry,Clear,SUV,Third-party,1,4,27,Worn,1.3,1.0,1.0,1.3,1.15,Minor,Minor scratches,505300
79,133,20,2026676,3,1,Head-on,Dry,Clear,SUV,Comprehensive,1,0,23,Worn,1.8,1.0,1.0,1.3,1.15,Total Loss,"Bumper, Hood, Headlights/Taillights, Radiator, Airbags, Frame, Engine, Total Loss",1603800
30,68,1,1791633,2,1,Head-on,Dry,Fog,Sedan,Comprehensive,1,1,51,Good,1.8,1.0,1.15,1.0,1.0,Severe,"Bumper, Hood, Headlights/Taillights, Radiator",586000
536,106,11,519055,1,1,Pole,Dry,Snow,Truck,Comprehensive,1,3,66,Bald,1.5,1.0,1.4,1.5,1.35,Critical,"Bumper, Hood, Headlights/Taillights, Radiator, Airbags, Frame, Engine",1346200
696,59,5,1657453,1,1,Rear-end,Dry,Clear,Two-wheeler,Third-party,1,3,45,Bald,1.0,1.0,1.0,0.6,1.35,Moderate,"Bumper, Door Panel, Headlights/Taillights, Radiator",207900
558,16,14,2792959,5,0,Side,Wet,Rain,Truck,Comprehensive,1,3,48,Good,1.3,1.3,1.25,1.5,1.0,Minor,Bumper,867600
837,108,4,2955982,1,1,Pole,Dry,Clear,Truck,Third-party,1,2,25,Bald,1.5,1.0,1.0,1.5,1.35,Critical,"Bumper, Hood, Headlights/Taillights, Radiator, Airbags, Frame, Engine",1570400
597,122,11,1156047,2,1,Rear-end,Dry,Clear,Sedan,None,1,2,41,Worn,1.0,1.0,1.0,1.0,1.15,Total Loss,"Bumper, Door Panel, Headlights/Taillights, Radiator, Airbags, Frame, Engine, Total Loss",519900
166,127,0,1602887,1,1,Side,Wet,Rain,Sedan,Comprehensive,0,3,49,Good,1.3,1.3,1.25,1.0,1.0,Total Loss,"Bumper, Door Panel, Headlights/Taillights, Radiator, Airbags, Frame, Engine, Total Loss",1035700
919,14,18,868302,1,0,Pole,Dry,Fog,Hatchback,Comprehensive,1,0,20,Good,1.5,1.0,1.15,0.85,1.0,Minor,Bumper,183500
496,121,18,888158,4,1,Rear-end,Dry,Clear,Sedan,Third-party,1,1,68,Worn,1.0,1.0,1.0,1.0,1.15,Total Loss,"Bumper, Door Panel, Headlights/Taillights, Radiator, Airbags, Frame, Engine, Total Loss",488200
825,31,0,2387342,1,0,Head-on,Wet,Clear,SUV,Third-party,1,3,56,Good,1.8,1.3,1.0,1.3,1.0,Moderate,"Bumper, Hood",626200
66,86,11,894305,2,1,Side,Icy,Rain,Hatchback,Comprehensive,0,2,41,Good,1.3,1.8,1.25,0.85,1.0,Severe,"Bumper, Door Panel, Headlights/Taillights, Radiator, Airbags, Frame",733800
142,63,2,1174772,2,1,Rear-end,Dry,Rain,SUV,Third-party,1,3,45,Worn,1.0,1.0,1.25,1.3,1.15,Severe,"Bumper, Door Panel, Headlights/Taillights, Radiator",462700
926,97,20,1742721,5,1,Head-on,Icy,Rain,Sedan,Third-party,1,3,59,Bald,1.8,1.8,1.25,1.0,1.35,Critical,"Bumper, Hood, Headlights/Taillights, Radiator, Airbags, Frame, Engine",2259300
828,78,14,2464563,1,1,Rear-end,Dry,Rain,Two-wheeler,None,1,2,69,Good,1.0,1.0,1.25,0.6,1.0,Severe,"Bumper, Door Panel, Headlights/Taillights, Radiator, Airbags, Frame",282700
656,119,17,1021037,5,1,Side,Dry,Clear,Sedan,Third-party,0,0,46,Good,1.3,1.0,1.0,1.0,1.0,Total Loss,"Bumper, Door Panel, Headlights/Taillights, Radiator, Airbags, Frame, Engine, Total Loss",560000
332,126,0,2550041,4,1,Rollover,Dry,Fog,Hatchback,Comprehensive,1,3,47,Good,2.2,1.0,1.15,0.85,1.0,Total Loss,"Bumper, Door Panel, Headlights/Taillights, Radiator, Airbags, Frame, Engine, Total Loss",1171900
665,29,13,2643335,3,0,Side,Dry,Rain,Hatchback,Comprehensive,1,3,69,Good,1.3,1.0,1.25,0.85,1.0,Minor,"Bumper, Door Panel",361100
250,28,17,2743282,4,0,Side,Dry,Rain,SUV,Third-party,1,4,63,Good,1.3,1.0,1.25,1.3,1.0,Minor,"Bumper, Door Panel",596300
908,119,9,1299430,2,1,Head-on,Wet,Clear,Hatchback,Comprehensive,1,2,60,Bald,1.8,1.3,1.0,0.85,1.35,Total Loss,"Bumper, Hood, Headlights/Taillights, Radiator, Airbags, Frame, Engine, Total Loss",1154800
709,98,11,2714165,2,1,Head-on,Dry,Clear,Hatchback,Third-party,0,4,32,Worn,1.8,1.0,1.0,0.85,1.15,Critical,"Bumper, Hood, Headlights/Taillights, Radiator, Airbags, Frame, Engine",860700
306,9,9,1463490,1,0,Rollover,Wet,Rain,SUV,Comprehensive,1,3,52,Bald,2.2,1.3,1.25,1.3,1.35,Minor,Minor scratches,932900
735,134,20,1095600,1,1,Rollover,Wet,Fog,Sedan,Third-party,1,4,58,Worn,2.2,1.3,1.15,1.0,1.15,Total Loss,"Bumper, Door Panel, Headlights/Taillights, Radiator, Airbags, Frame, Engine, Total Loss",2024000
976,13,19,2921780,1,0,Side,Gravel,Clear,Two-wheeler,Comprehensive,1,2,27,Good,1.3,1.2,1.0,0.6,1.0,Minor,Bumper,272000
50,85,7,1844613,4,1,Rear-end,Wet,Rain,Hatchback,Comprehensive,0,0,51,Good,1.0,1.3,1.25,0.85,1.0,Severe,"Bumper, Door Panel, Headlights/Taillights, Radiator, Airbags, Frame",472700
897,5,16,315434,4,0,Side,Dry,Clear,Hatchback,Comprehensive,0,3,35,Good,1.3,1.0,1.0,0.85,1.0,Minor,Minor scratches,97100
3,19,7,1550956,5,1,Head-on,Icy,Clear,Hatchback,Comprehensive,1,1,34,Good,1.8,1.8,1.0,0.85,1.0,Minor,Bumper,577300
545,55,7,2607697,5,1,Side,Wet,Clear,Sedan,Comprehensive,0,4,19,Worn,1.3,1.3,1.0,1.0,1.15,Moderate,"Bumper, Door Panel, Headlights/Taillights",722800
351,98,14,2169059,5,1,Rollover,Dry,Snow,Hatchback,Third-party,0,2,31,Worn,2.2,1.0,1.4,0.85,1.15,Critical,"Bumper, Door Panel, Headlights/Taillights, Radiator, Airbags, Frame, Engine",1367600
905,22,12,2112375,5,0,Side,Dry,Clear,SUV,Third-party,1,4,64,Worn,1.3,1.0,1.0,1.3,1.15,Minor,Bumper,447300
537,7,2,2333901,3,0,Rollover,Dry,Fog,SUV,Comprehensive,1,0,31,Worn,2.2,1.0,1.15,1.3,1.15,Minor,Minor scratches,784400
345,97,8,1591210,2,1,Rear-end,Wet,Fog,Truck,None,0,2,47,Worn,1.0,1.3,1.15,1.5,1.15,Critical,"Bumper, Door Panel, Headlights/Taillights, Radiator, Airbags, Frame, Engine",972400
995,126,13,477912,3,1,Rear-end,Dry,Clear,SUV,Comprehensive,1,1,46,Good,1.0,1.0,1.0,1.3,1.0,Total Loss,"Bumper, Door Panel, Headlights/Taillights, Radiator, Airbags, Frame, Engine, Total Loss",531000
482,122,13,2803292,5,1,Side,Dry,Clear,SUV,Comprehensive,1,1,68,Good,1.3,1.0,1.0,1.3,1.0,Total Loss,"Bumper, Door Panel, Headlights/Taillights, Radiator, Airbags, Frame, Engine, Total Loss",963200
576,83,10,588963,3,1,Side,Wet,Clear,Sedan,Comprehensive,1,0,62,Good,1.3,1.3,1.0,1.0,1.0,Severe,"Bumper, Door Panel, Headlights/Taillights, Radiator, Airbags, Frame",402000
34,25,3,1504680,3,0,Head-on,Dry,Clear,Truck,Third-party,0,3,24,Good,1.8,1.0,1.0,1.5,1.0,Minor,Bumper,443800
32,55,4,1833854,3,1,Side,Dry,Clear,Truck,Third-party,0,0,36,Worn,1.3,1.0,1.0,1.5,1.15,Moderate,"Bumper, Door Panel, Headlights/Taillights",595800
232,31,14,2541281,5,0,Rear-end,Gravel,Clear,Sedan,Comprehensive,1,4,23,Good,1.0,1.2,1.0,1.0,1.0,Moderate,"Bumper, Door Panel",345300
964,57,16,1757640,2,1,Rear-end,Dry,Rain,SUV,Third-party,0,0,29,Good,1.0,1.0,1.25,1.3,1.0,Moderate,"Bumper, Door Panel, Headlights/Taillights, Radiator",461200
193,6,9,1524648,2,0,Side,Dry,Clear,Two-wheeler,Comprehensive,0,3,32,Good,1.3,1.0,1.0,0.6,1.0,Minor,Minor scratches,125800
334,38,14,2085516,1,0,Head-on,Icy,Clear,SUV,Third-party,1,4,18,Worn,1.8,1.8,1.0,1.3,1.15,Moderate,"Bumper, Hood",1264400
4,111,1,1790036,1,1,Head-on,Gravel,Clear,SUV,None,0,1,45,Bald,1.8,1.2,1.0,1.3,1.35,Total Loss,"Bumper, Hood, Headlights/Taillights, Radiator, Airbags, Frame, Engine, Total Loss",1631900
205,117,2,1185421,1,1,Pole,Wet,Clear,Sedan,Third-party,1,3,33,Good,1.5,1.3,1.0,1.0,1.0,Total Loss,"Bumper, Hood, Headlights/Taillights, Radiator, Airbags, Frame, Engine, Total Loss",786400
515,113,4,1177611,5,1,Rear-end,Wet,Rain,SUV,Comprehensive,0,3,52,Worn,1.0,1.3,1.25,1.3,1.15,Total Loss,"Bumper, Door Panel, Headlights/Taillights, Radiator, Airbags, Frame, Engine, Total Loss",988000
800,101,11,2432786,1,1,Rollover,Dry,Fog,Sedan,Comprehensive,0,3,61,Worn,2.2,1.0,1.15,1.0,1.15,Critical,"Bumper, Door Panel, Headlights/Taillights, Radiator, Airbags, Frame, Engine",1365900
307,107,8,847993,4,1,Rollover,Gravel,Clear,Sedan,Comprehensive,1,0,23,Worn,2.2,1.2,1.0,1.0,1.15,Critical,"Bumper, Door Panel, Headlights/Taillights, Radiator, Airbags, Frame, Engine",1112700
110,100,17,1401928,2,1,Rollover,Dry,Fog,Sedan,Third-party,1,3,29,Bald,2.2,1.0,1.15,1.0,1.35,Critical,"Bumper, Door Panel, Headlights/Taillights, Radiator, Airbags, Frame, Engine",1445500
431,127,15,2259310,1,1,Side,Dry,Rain,SUV,None,1,4,57,Good,1.3,1.0,1.25,1.3,1.0,Total Loss,"Bumper, Door Panel, Headlights/Taillights, Radiator, Airbags, Frame, Engine, Total Loss",1205100
78,92,7,1409004,1,1,Head-on,Dry,Fog,Sedan,None,0,1,48,Good,1.8,1.0,1.15,1.0,1.0,Critical,"Bumper, Hood, Headlights/Taillights, Radiator, Airbags, Frame, Engine",724400
85,127,17,2843788,5,1,Head-on,Dry,Clear,Hatchback,Comprehensive,1,1,20,Good,1.8,1.0,1.0,0.85,1.0,Total Loss,"Bumper, Hood, Headlights/Taillights, Radiator, Airbags, Frame, Engine, Total Loss",924200
287,102,1,966165,1,1,Rollover,Wet,Clear,Truck,None,1,1,46,Good,2.2,1.3,1.0,1.5,1.0,Critical,"Bumper, Door Panel, Headlights/Taillights, Radiator, Airbags, Frame, Engine",1380500
83,140,5,2937492,5,1,Head-on,Dry,Clear,Sedan,Third-party,1,4,20,Worn,1.8,1.0,1.0,1.0,1.15,Total Loss,"Bumper, Hood, Headlights/Taillights, Radiator, Airbags, Frame, Engine, Total Loss",1386700
992,45,3,2155227,5,1,Rollover,Wet,Rain,Hatchback,Comprehensive,1,4,21,Good,2.2,1.3,1.25,0.85,1.0,Moderate,"Bumper, Door Panel, Headlights/Taillights",870900
790,108,12,2533706,5,1,Side,Dry,Rain,SUV,Comprehensive,0,1,27,Good,1.3,1.0,1.25,1.3,1.0,Critical,"Bumper, Door Panel, Headlights/Taillights, Radiator, Airbags, Frame, Engine",1058500
895,53,1,1334262,5,1,Rear-end,Dry,Rain,Sedan,Comprehensive,0,1,21,Good,1.0,1.0,1.25,1.0,1.0,Moderate,"Bumper, Door Panel, Headlights/Taillights",296400
399,25,19,2529655,4,1,Rear-end,Wet,Clear,Hatchback,Third-party,1,4,26,Good,1.0,1.3,1.0,0.85,1.0,Minor,Bumper,365900
324,62,14,1594929,5,1,Rear-end,Wet,Snow,SUV,None,1,3,66,Good,1.0,1.3,1.4,1.3,1.0,Severe,"Bumper, Door Panel, Headlights/Taillights, Radiator",663300
520,69,16,2576787,3,1,Rear-end,Dry,Clear,SUV,Third-party,0,0,65,Good,1.0,1.0,1.0,1.3,1.0,Severe,"Bumper, Door Panel, Headlights/Taillights, Radiator",473800
917,135,15,317297,4,1,Pole,Wet,Rain,Sedan,Comprehensive,1,3,39,Good,1.5,1.3,1.25,1.0,1.0,Total Loss,"Bumper, Hood, Headlights/Taillights, Radiator, Airbags, Frame, Engine, Total Loss",1127100
923,59,7,1858309,3,1,Head-on,Dry,Clear,Hatchback,Third-party,1,2,23,Good,1.8,1.0,1.0,0.85,1.0,Moderate,"Bumper, Hood, Headlights/Taillights, Radiator",449800
6,25,12,1365923,4,0,Head-on,Dry,Fog,Two-wheeler,Comprehensive,1,0,39,Good,1.8,1.0,1.15,0.6,1.0,Minor,Bumper,168300
732,138,15,2100072,2,1,Rear-end,Wet,Clear,SUV,Comprehensive,1,4,65,Good,1.0,1.3,1.0,1.3,1.0,Total Loss,"Bumper, Door Panel, Headlights/Taillights, Radiator, Airbags, Frame, Engine, Total Loss",1045000
466,62,17,1526408,3,1,Rear-end,Dry,Rain,Hatchback,Comprehensive,1,0,67,Good,1.0,1.0,1.25,0.85,1.0,Severe,"Bumper, Door Panel, Headlights/Taillights, Radiator",291600
98,39,14,2029057,3,0,Pole,Wet,Clear,Hatchback,Comprehensive,1,0,61,Worn,1.5,1.3,1.0,0.85,1.15,Moderate,"Bumper, Hood",442100
267,90,8,2872736,2,1,Side,Wet,Clear,Hatchback,Comprehensive,1,1,44,Worn,1.3,1.3,1.0,0.85,1.15,Critical,"Bumper, Door Panel, Headlights/Taillights, Radiator, Airbags, Frame",753900
358,14,20,488490,3,0,Side,Gravel,Rain,Truck,Comprehensive,1,2,33,Good,1.3,1.2,1.25,1.5,1.0,Minor,Bumper,313600
869,121,0,2052374,1,1,Head-on,Wet,Clear,Hatchback,Comprehensive,1,3,52,Bald,1.8,1.3,1.0,0.85,1.35,Total Loss,"Bumper, Hood, Headlights/Taillights, Radiator, Airbags, Frame, Engine, Total Loss",1316400
799,42,0,1800948,3,1,Side,Dry,Clear,SUV,None,0,3,21,Good,1.3,1.0,1.0,1.3,1.0,Moderate,"Bumper, Door Panel, Headlights/Taillights",432200
381,33,20,1636921,5,0,Head-on,Wet,Clear,SUV,Third-party,1,0,37,Good,1.8,1.3,1.0,1.3,1.0,Moderate,"Bumper, Hood",653800
632,85,14,2603554,5,1,Rear-end,Wet,Clear,SUV,None,0,4,66,Bald,1.0,1.3,1.0,1.3,1.35,Severe,"Bumper, Door Panel, Headlights/Taillights, Radiator, Airbags, Frame",995900
382,16,7,2547939,5,0,Head-on,Icy,Snow,Truck,Comprehensive,1,4,35,Good,1.8,1.8,1.4,1.5,1.0,Minor,Bumper,1610000
491,7,13,490706,2,0,Side,Dry,Rain,Sedan,Comprehensive,1,1,18,Worn,1.3,1.0,1.25,1.0,1.15,Minor,Minor scratches,181200
119,32,2,1762073,2,0,Side,Dry,Fog,Hatchback,Comprehensive,1,1,18,Good,1.3,1.0,1.15,0.85,1.0,Moderate,"Bumper, Door Panel",240100
901,33,7,2396952,2,0,Rear-end,Dry,Clear,Sedan,Third-party,1,3,32,Good,1.0,1.0,1.0,1.0,1.0,Moderate,"Bumper, Door Panel",253600
251,97,7,1168374,4,1,Head-on,Dry,Snow,Two-wheeler,Third-party,0,0,22,Good,1.8,1.0,1.4,0.6,1.0,Critical,"Bumper, Hood, Headlights/Taillights, Radiator, Airbags, Frame, Engine",524000
524,67,20,2917650,5,1,Pole,Wet,Fog,Sedan,Third-party,1,4,43,Good,1.5,1.3,1.15,1.0,1.0,Severe,"Bumper, Hood, Headlights/Taillights, Radiator",976700
10,92,12,1830891,2,1,Rear-end,Dry,Clear,Sedan,Comprehensive,0,0,67,Bald,1.0,1.0,1.0,1.0,1.35,Critical,"Bumper, Door Panel, Headlights/Taillights, Radiator, Airbags, Frame, Engine",505300
197,13,16,1533741,3,1,Head-on,Dry,Clear,Sedan,Comprehensive,1,3,29,Worn,1.8,1.0,1.0,1.0,1.15,Minor,Bumper,464500
604,97,5,1890963,4,1,Side,Dry,Clear,Sedan,Comprehensive,0,1,44,Good,1.3,1.0,1.0,1.0,1.0,Critical,"Bumper, Door Panel, Headlights/Taillights, Radiator, Airbags, Frame, Engine",527900
82,85,15,1536180,1,1,Side,Icy,Clear,Sedan,Comprehensive,1,0,46,Good,1.3,1.8,1.0,1.0,1.0,Severe,"Bumper, Door Panel, Headlights/Taillights, Radiator, Airbags, Frame",793000
784,129,3,1628263,3,1,Side,Dry,Fog,Truck,Comprehensive,0,1,60,Good,1.3,1.0,1.15,1.5,1.0,Total Loss,"Bumper, Door Panel, Headlights/Taillights, Radiator, Airbags, Frame, Engine, Total Loss",1102600
588,38,7,1591627,3,0,Pole,Dry,Clear,SUV,Third-party,1,2,56,Good,1.5,1.0,1.0,1.3,1.0,Moderate,"Bumper, Hood",334900
798,37,6,2692919,4,0,Head-on,Dry,Clear,Hatchback,None,1,3,59,Good,1.8,1.0,1.0,0.85,1.0,Moderate,"Bumper, Hood",381800
240,8,4,2820107,4,1,Rear-end,Dry,Clear,Truck,Third-party,1,0,64,Good,1.0,1.0,1.0,1.5,1.0,Minor,Minor scratches,435100
291,55,6,2542168,4,1,Side,Dry,Rain,Hatchback,Comprehensive,1,3,27,Good,1.3,1.0,1.25,0.85,1.0,Moderate,"Bumper, Door Panel, Headlights/Taillights",494800
212,114,16,479830,5,1,Head-on,Wet,Snow,Sedan,Comprehensive,1,0,53,Worn,1.8,1.3,1.4,1.0,1.15,Total Loss,"Bumper, Hood, Headlights/Taillights, Radiator, Airbags, Frame, Engine, Total Loss",1326900
718,72,11,1675807,2,1,Side,Dry,Clear,Two-wheeler,Comprehensive,1,0,52,Worn,1.3,1.0,1.0,0.6,1.15,Severe,"Bumper, Door Panel, Headlights/Taillights, Radiator, Airbags, Frame",266400
360,104,15,804409,1,1,Side,Icy,Clear,Sedan,Comprehensive,1,0,24,Bald,1.3,1.8,1.0,1.0,1.35,Critical,"Bumper, Door Panel, Headlights/Taillights, Radiator, Airbags, Frame, Engine",1145100
450,113,13,580466,4,1,Rear-end,Gravel,Clear,Sedan,Comprehensive,1,3,51,Good,1.0,1.2,1.0,1.0,1.0,Total Loss,"Bumper, Door Panel, Headlights/Taillights, Radiator, Airbags, Frame, Engine, Total Loss",437900
228,113,1,1565898,4,1,Rear-end,Dry,Rain,Sedan,Comprehensive,1,2,54,Bald,1.0,1.0,1.25,1.0,1.35,Total Loss,"Bumper, Door Panel, Headlights/Taillights, Radiator, Airbags, Frame, Engine, Total Loss",694900
951,129,2,2599899,3,1,Pole,Icy,Fog,Two-wheeler,Comprehensive,1,3,49,Worn,1.5,1.8,1.15,0.6,1.15,Total Loss,"Bumper, Hood, Headlights/Taillights, Radiator, Airbags, Frame, Engine, Total Loss",1257000
947,78,1,1501700,5,1,Rear-end,Dry,Clear,Hatchback,Comprehensive,1,1,30,Good,1.0,1.0,1.0,0.85,1.0,Severe,"Bumper, Door Panel, Headlights/Taillights, Radiator, Airbags, Frame",251900
797,115,3,1943312,1,1,Rear-end,Dry,Rain,SUV,Comprehensive,1,3,68,Good,1.0,1.0,1.25,1.3,1.0,Total Loss,"Bumper, Door Panel, Headlights/Taillights, Radiator, Airbags, Frame, Engine, Total Loss",737300
502,64,4,2391635,1,1,Rollover,Dry,Rain,Truck,Third-party,0,2,48,Good,2.2,1.0,1.25,1.5,1.0,Severe,"Bumper, Door Panel, Headlights/Taillights, Radiator",1407700
465,130,8,2677770,2,1,Side,Dry,Clear,Sedan,Comprehensive,1,2,45,Good,1.3,1.0,1.0,1.0,1.0,Total Loss,"Bumper, Door Panel, Headlights/Taillights, Radiator, Airbags, Frame, Engine, Total Loss",763000
363,5,5,2563089,4,1,Rollover,Wet,Rain,SUV,None,0,3,62,Worn,2.2,1.3,1.25,1.3,1.15,Minor,Minor scratches,1497300
469,109,7,2857537,5,1,Head-on,Wet,Rain,Sedan,Third-party,0,0,51,Good,1.8,1.3,1.25,1.0,1.0,Critical,"Bumper, Hood, Headlights/Taillights, Radiator, Airbags, Frame, Engine",1544500
936,96,5,501260,2,1,Rollover,Dry,Clear,Sedan,Comprehensive,1,0,49,Worn,2.2,1.0,1.0,1.0,1.15,Critical,"Bumper, Door Panel, Headlights/Taillights, Radiator, Airbags, Frame, Engine",660700
429,103,13,2392101,2,1,Head-on,Dry,Clear,Two-wheeler,None,1,1,59,Good,1.8,1.0,1.0,0.6,1.0,Critical,"Bumper, Hood, Headlights/Taillights, Radiator, Airbags, Frame, Engine",482100
8,126,6,856110,3,1,Pole,Wet,Snow,Two-wheeler,Comprehensive,1,2,54,Good,1.5,1.3,1.4,0.6,1.0,Total Loss,"Bumper, Hood, Headlights/Taillights, Radiator, Airbags, Frame, Engine, Total Loss",693700
156,117,0,2009375,4,1,Head-on,Dry,Clear,SUV,Comprehensive,1,0,58,Good,1.8,1.0,1.0,1.3,1.0,Total Loss,"Bumper, Hood, Headlights/Taillights, Radiator, Airbags, Frame, Engine, Total Loss",1109200
542,82,14,380257,1,1,Side,Dry,Clear,Hatchback,Third-party,1,2,69,Bald,1.3,1.0,1.0,0.85,1.35,Severe,"Bumper, Door Panel, Headlights/Taillights, Radiator, Airbags, Frame",355800
441,13,8,2892631,2,0,Rear-end,Wet,Clear,Sedan,Third-party,1,0,57,Good,1.0,1.3,1.0,1.0,1.0,Minor,Bumper,318000
483,24,10,1417862,4,0,Head-on,Dry,Clear,Sedan,None,0,2,18,Good,1.8,1.0,1.0,1.0,1.0,Minor,Bumper,324100
423,132,7,1105113,3,1,Side,Dry,Fog,Two-wheeler,Comprehensive,1,1,49,Good,1.3,1.0,1.15,0.6,1.0,Total Loss,"Bumper, Door Panel, Headlights/Taillights, Radiator, Airbags, Frame, Engine, Total Loss",427900
779,76,3,2059980,2,1,Side,Wet,Clear,Sedan,Comprehensive,1,1,51,Good,1.3,1.3,1.0,1.0,1.0,Severe,"Bumper, Door Panel, Headlights/Taillights, Radiator, Airbags, Frame",543600
950,116,10,2034339,4,1,Pole,Dry,Rain,Sedan,Third-party,1,3,35,Bald,1.5,1.0,1.25,1.0,1.35,Total Loss,"Bumper, Hood, Headlights/Taillights, Radiator, Airbags, Frame, Engine, Total Loss",1267400
335,100,14,1616189,5,1,Rear-end,Icy,Clear,SUV,Comprehensive,1,4,42,Worn,1.0,1.8,1.0,1.3,1.15,Critical,"Bumper, Door Panel, Headlights/Taillights, Radiator, Airbags, Frame, Engine",1132100
577,34,9,2892536,4,1,Head-on,Dry,Clear,SUV,Comprehensive,1,4,57,Good,1.8,1.0,1.0,1.3,1.0,Moderate,"Bumper, Hood",809400
935,101,11,945194,1,1,Rear-end,Dry,Clear,SUV,None,1,1,67,Good,1.0,1.0,1.0,1.3,1.0,Critical,"Bumper, Door Panel, Headlights/Taillights, Radiator, Airbags, Frame, Engine",425800
568,42,4,333691,5,1,Pole,Dry,Rain,Sedan,Comprehensive,1,2,40,Good,1.5,1.0,1.25,1.0,1.0,Moderate,"Bumper, Hood, Headlights/Taillights",246200
595,84,14,1361339,2,1,Head-on,Dry,Fog,Sedan,Comprehensive,0,1,21,Good,1.8,1.0,1.15,1.0,1.0,Severe,"Bumper, Hood, Headlights/Taillights, Radiator, Airbags, Frame",684600
531,133,5,619972,5,1,Rear-end,Icy,Rain,Sedan,Comprehensive,1,2,54,Good,1.0,1.8,1.25,1.0,1.0,Total Loss,"Bumper, Door Panel, Headlights/Taillights, Radiator, Airbags, Frame, Engine, Total Loss",971200
582,33,9,2839784,2,0,Side,Icy,Clear,Sedan,Comprehensive,1,0,23,Good,1.3,1.8,1.0,1.0,1.0,Moderate,"Bumper, Door Panel",646500
708,117,0,2224717,3,1,Side,Dry,Clear,Sedan,Comprehensive,0,2,34,Good,1.3,1.0,1.0,1.0,1.0,Total Loss,"Bumper, Door Panel, Headlights/Taillights, Radiator, Airbags, Frame, Engine, Total Loss",636700
449,140,6,1899792,2,1,Rear-end,Gravel,Clear,Hatchback,Comprehensive,1,1,51,Worn,1.0,1.2,1.0,0.85,1.15,Total Loss,"Bumper, Door Panel, Headlights/Taillights, Radiator, Airbags, Frame, Engine, Total Loss",672800
454,49,9,2702187,3,1,Rear-end,Dry,Fog,Hatchback,Third-party,1,1,31,Bald,1.0,1.0,1.15,0.85,1.35,Moderate,"Bumper, Door Panel, Headlights/Taillights",447300
229,55,11,2420539,1,1,Head-on,Dry,Rain,Sedan,Comprehensive,1,1,25,Bald,1.8,1.0,1.25,1.0,1.35,Moderate,"Bumper, Hood, Headlights/Taillights",998100
353,43,19,2427599,3,1,Side,Dry,Clear,Two-wheeler,Third-party,1,0,65,Bald,1.3,1.0,1.0,0.6,1.35,Moderate,"Bumper, Door Panel, Headlights/Taillights",333700
729,104,2,1421268,4,1,Head-on,Dry,Rain,Truck,Comprehensive,1,0,40,Worn,1.8,1.0,1.25,1.5,1.15,Critical,"Bumper, Hood, Headlights/Taillights, Radiator, Airbags, Frame, Engine",1422500
213,86,2,1856518,4,1,Side,Dry,Clear,Two-wheeler,Third-party,1,4,70,Good,1.3,1.0,1.0,0.6,1.0,Severe,"Bumper, Door Panel, Headlights/Taillights, Radiator, Airbags, Frame",271700
80,140,16,1670073,1,1,Side,Dry,Snow,SUV,Comprehensive,1,0,52,Worn,1.3,1.0,1.4,1.3,1.15,Total Loss,"Bumper, Door Panel, Headlights/Taillights, Radiator, Airbags, Frame, Engine, Total Loss",1579200
149,43,15,2985467,2,1,Side,Wet,Clear,Sedan,Comprehensive,1,1,51,Good,1.3,1.3,1.0,1.0,1.0,Moderate,"Bumper, Door Panel, Headlights/Taillights",612600
303,57,5,842601,1,1,Side,Gravel,Clear,SUV,Comprehensive,0,2,28,Good,1.3,1.2,1.0,1.3,1.0,Moderate,"Bumper, Door Panel, Headlights/Taillights, Radiator",440400
629,67,1,845735,5,1,Side,Wet,Clear,SUV,Third-party,1,1,40,Worn,1.3,1.3,1.0,1.3,1.15,Severe,"Bumper, Door Panel, Headlights/Taillights, Radiator",544900
778,44,9,1169807,3,1,Head-on,Dry,Clear,Truck,Comprehensive,1,0,48,Good,1.8,1.0,1.0,1.5,1.0,Moderate,"Bumper, Hood, Headlights/Taillights",554400
507,39,2,589768,2,0,Rear-end,Dry,Fog,Hatchback,Third-party,1,2,59,Worn,1.0,1.0,1.15,0.85,1.15,Moderate,"Bumper, Door Panel",102300
343,73,2,2815419,2,1,Head-on,Gravel,Clear,Two-wheeler,Third-party,1,0,36,Bald,1.8,1.2,1.0,0.6,1.35,Severe,"Bumper, Hood, Headlights/Taillights, Radiator, Airbags, Frame",654200
486,18,11,2910469,5,1,Head-on,Dry,Clear,SUV,Comprehensive,1,3,29,Good,1.8,1.0,1.0,1.3,1.0,Minor,Bumper,779300
712,140,20,1383868,5,1,Rear-end,Wet,Snow,Two-wheeler,Third-party,0,4,32,Bald,1.0,1.3,1.4,0.6,1.35,Total Loss,"Bumper, Door Panel, Headlights/Taillights, Radiator, Airbags, Frame, Engine, Total Loss",880300
134,125,11,2461088,1,1,Head-on,Dry,Rain,Hatchback,Third-party,1,0,43,Worn,1.8,1.0,1.25,0.85,1.15,Total Loss,"Bumper, Hood, Headlights/Taillights, Radiator, Airbags, Frame, Engine, Total Loss",1226300
704,8,0,2667555,2,0,Side,Dry,Fog,Truck,Third-party,1,2,24,Good,1.3,1.0,1.15,1.5,1.0,Minor,Minor scratches,516000
312,51,19,404195,4,1,Side,Wet,Clear,Sedan,Third-party,1,1,36,Good,1.3,1.3,1.0,1.0,1.0,Moderate,"Bumper, Door Panel, Headlights/Taillights",300600
723,5,13,1005860,5,0,Side,Dry,Fog,Sedan,Comprehensive,0,3,47,Worn,1.3,1.0,1.15,1.0,1.15,Minor,Minor scratches,241300
630,52,17,2040534,4,1,Head-on,Dry,Clear,Hatchback,None,0,2,62,Good,1.8,1.0,1.0,0.85,1.0,Moderate,"Bumper, Hood, Headlights/Taillights",471300
1,107,20,1268616,5,1,Rear-end,Wet,Clear,Truck,Third-party,1,4,48,Worn,1.0,1.3,1.0,1.5,1.15,Critical,"Bumper, Door Panel, Headlights/Taillights, Radiator, Airbags, Frame, Engine",939200
317,118,11,2465251,1,1,Pole,Dry,Rain,Sedan,Comprehensive,0,0,60,Good,1.5,1.0,1.25,1.0,1.0,Total Loss,"Bumper, Hood, Headlights/Taillights, Radiator, Airbags, Frame, Engine, Total Loss",985000
707,122,14,1716828,5,1,Rear-end,Wet,Clear,Two-wheeler,Comprehensive,0,4,30,Good,1.0,1.3,1.0,0.6,1.0,Total Loss,"Bumper, Door Panel, Headlights/Taillights, Radiator, Airbags, Frame, Engine, Total Loss",403900
548,36,9,671616,5,0,Side,Dry,Clear,Sedan,Comprehensive,1,2,27,Worn,1.3,1.0,1.0,1.0,1.15,Moderate,"Bumper, Door Panel",192600
873,94,7,1292382,3,1,Head-on,Icy,Rain,Sedan,None,1,1,24,Bald,1.8,1.8,1.25,1.0,1.35,Critical,"Bumper, Hood, Headlights/Taillights, Radiator, Airbags, Frame, Engine",1879500
533,10,9,714600,1,0,Head-on,Dry,Clear,Sedan,Comprehensive,1,4,45,Good,1.8,1.0,1.0,1.0,1.0,Minor,Minor scratches,184100
478,48,5,1460248,3,1,Rollover,Dry,Fog,SUV,Third-party,1,1,33,Good,2.2,1.0,1.15,1.3,1.0,Moderate,"Bumper, Door Panel, Headlights/Taillights",704800
405,16,20,373997,2,0,Rollover,Dry,Clear,Sedan,Comprehensive,1,2,21,Good,2.2,1.0,1.0,1.0,1.0,Minor,Bumper,203400
173,128,3,1243693,1,1,Pole,Wet,Rain,Sedan,Comprehensive,0,3,62,Worn,1.5,1.3,1.25,1.0,1.15,Total Loss,"Bumper, Hood, Headlights/Taillights, Radiator, Airbags, Frame, Engine, Total Loss",1297500
126,112,16,2905831,1,1,Rear-end,Wet,Rain,SUV,Comprehensive,1,3,28,Worn,1.0,1.3,1.25,1.3,1.15,Total Loss,"Bumper, Door Panel, Headlights/Taillights, Radiator, Airbags, Frame, Engine, Total Loss",1382100
395,62,13,2011646,5,1,Head-on,Gravel,Clear,Hatchback,Comprehensive,1,0,35,Bald,1.8,1.2,1.0,0.85,1.35,Severe,"Bumper, Hood, Headlights/Taillights, Radiator",769500
421,13,5,958003,2,0,Rear-end,Dry,Fog,Sedan,Comprehensive,1,3,38,Worn,1.0,1.0,1.15,1.0,1.15,Minor,Bumper,139600
553,43,4,1216383,1,1,Head-on,Dry,Clear,Sedan,Third-party,1,1,18,Good,1.8,1.0,1.0,1.0,1.0,Moderate,"Bumper, Hood, Headlights/Taillights",358000
904,23,4,2001243,5,0,Rear-end,Wet,Rain,Hatchback,Comprehensive,1,3,33,Good,1.0,1.3,1.25,0.85,1.0,Minor,Bumper,269200
91,16,9,2801002,4,0,Head-on,Wet,Rain,Truck,Comprehensive,0,0,33,Bald,1.8,1.3,1.25,1.5,1.35,Minor,Bumper,1659800
940,92,3,1821466,5,1,Head-on,Dry,Clear,Sedan,Comprehensive,1,4,50,Worn,1.8,1.0,1.0,1.0,1.15,Critical,"Bumper, Hood, Headlights/Taillights, Radiator, Airbags, Frame, Engine",778000
182,86,12,412990,4,1,Rear-end,Dry,Clear,SUV,Comprehensive,1,0,20,Good,1.0,1.0,1.0,1.3,1.0,Severe,"Bumper, Door Panel, Headlights/Taillights, Radiator, Airbags, Frame",318200
275,103,6,2007017,1,1,Side,Icy,Rain,Hatchback,Third-party,1,0,20,Worn,1.3,1.8,1.25,0.85,1.15,Critical,"Bumper, Door Panel, Headlights/Taillights, Radiator, Airbags, Frame, Engine",1199200
896,75,5,2479431,3,1,Head-on,Dry,Fog,Sedan,Comprehensive,0,2,28,Bald,1.8,1.0,1.15,1.0,1.35,Severe,"Bumper, Hood, Headlights/Taillights, Radiator, Airbags, Frame",1074500
70,128,16,504366,2,1,Pole,Gravel,Rain,Sedan,Comprehensive,1,0,22,Good,1.5,1.2,1.25,1.0,1.0,Total Loss,"Bumper, Hood, Headlights/Taillights, Radiator, Airbags, Frame, Engine, Total Loss",1022600
292,67,1,582017,2,1,Side,Dry,Clear,SUV,Third-party,0,0,44,Good,1.3,1.0,1.0,1.3,1.0,Severe,"Bumper, Door Panel, Headlights/Taillights, Radiator",325600
132,96,12,1265188,3,1,Rear-end,Dry,Rain,Truck,Comprehensive,1,2,38,Good,1.0,1.0,1.25,1.5,1.0,Critical,"Bumper, Door Panel, Headlights/Taillights, Radiator, Airbags, Frame, Engine",649400
301,105,2,1882460,5,1,Rear-end,Dry,Clear,SUV,Comprehensive,1,0,54,Good,1.0,1.0,1.0,1.3,1.0,Critical,"Bumper, Door Panel, Headlights/Taillights, Radiator, Airbags, Frame, Engine",505800
425,87,18,2763160,5,1,Rear-end,Gravel,Rain,Two-wheeler,Comprehensive,1,0,48,Good,1.0,1.2,1.25,0.6,1.0,Severe,"Bumper, Door Panel, Headlights/Taillights, Radiator, Airbags, Frame",409900
327,66,2,2326683,4,1,Side,Wet,Clear,SUV,Third-party,1,2,58,Good,1.3,1.3,1.0,1.3,1.0,Severe,"Bumper, Door Panel, Headlights/Taillights, Radiator",701000
145,117,19,703082,5,1,Rear-end,Dry,Rain,Truck,Third-party,0,3,31,Worn,1.0,1.0,1.25,1.5,1.15,Total Loss,"Bumper, Door Panel, Headlights/Taillights, Radiator, Airbags, Frame, Engine, Total Loss",920600
424,56,10,2316106,3,1,Rear-end,Dry,Rain,SUV,Comprehensive,1,1,25,Good,1.0,1.0,1.25,1.3,1.0,Moderate,"Bumper, Door Panel, Headlights/Taillights, Radiator",558200
581,137,9,519780,2,1,Rear-end,Wet,Clear,Truck,Third-party,1,1,58,Worn,1.0,1.3,1.0,1.5,1.15,Total Loss,"Bumper, Door Panel, Headlights/Taillights, Radiator, Airbags, Frame, Engine, Total Loss",1014600
136,125,2,787510,2,1,Head-on,Icy,Snow,Truck,Third-party,0,1,43,Good,1.8,1.8,1.4,1.5,1.0,Total Loss,"Bumper, Hood, Headlights/Taillights, Radiator, Airbags, Frame, Engine, Total Loss",2765600
451,69,17,750930,2,1,Rear-end,Dry,Clear,Sedan,Third-party,1,1,68,Bald,1.0,1.0,1.0,1.0,1.35,Severe,"Bumper, Door Panel, Headlights/Taillights, Radiator",304700
165,72,15,1409639,2,1,Rear-end,Dry,Fog,Truck,Third-party,1,4,65,Bald,1.0,1.0,1.15,1.5,1.35,Severe,"Bumper, Door Panel, Headlights/Taillights, Radiator, Airbags, Frame",722200
29,59,2,1273181,4,1,Side,Dry,Clear,Hatchback,Comprehensive,0,4,37,Worn,1.3,1.0,1.0,0.85,1.15,Moderate,"Bumper, Door Panel, Headlights/Taillights, Radiator",333200
774,136,14,2858704,2,1,Head-on,Wet,Clear,Hatchback,Third-party,1,3,40,Good,1.8,1.3,1.0,0.85,1.0,Total Loss,"Bumper, Hood, Headlights/Taillights, Radiator, Airbags, Frame, Engine, Total Loss",1308900
194,133,10,715384,5,1,Side,Dry,Clear,Hatchback,Third-party,1,4,32,Good,1.3,1.0,1.0,0.85,1.0,Total Loss,"Bumper, Door Panel, Headlights/Taillights, Radiator, Airbags, Frame, Engine, Total Loss",506900
389,12,11,368920,5,1,Rollover,Dry,Rain,Truck,Comprehensive,0,2,70,Bald,2.2,1.0,1.25,1.5,1.35,Minor,Bumper,544900
853,33,6,1163349,3,0,Rear-end,Dry,Clear,Two-wheeler,Comprehensive,1,2,32,Good,1.0,1.0,1.0,0.6,1.0,Moderate,"Bumper, Door Panel",81300
170,120,8,2916241,5,1,Head-on,Dry,Fog,SUV,Comprehensive,1,4,32,Good,1.8,1.0,1.15,1.3,1.0,Total Loss,"Bumper, Hood, Headlights/Taillights, Radiator, Airbags, Frame, Engine, Total Loss",1596500
706,138,20,1625569,3,1,Side,Icy,Clear,Truck,Third-party,1,0,55,Good,1.3,1.8,1.0,1.5,1.0,Total Loss,"Bumper, Door Panel, Headlights/Taillights, Radiator, Airbags, Frame, Engine, Total Loss",1997000
141,55,17,2218596,2,1,Rear-end,Dry,Rain,Sedan,None,1,4,40,Bald,1.0,1.0,1.25,1.0,1.35,Moderate,"Bumper, Door Panel, Headlights/Taillights",564000
174,74,11,1801352,1,1,Head-on,Wet,Clear,SUV,Third-party,1,3,21,Good,1.8,1.3,1.0,1.3,1.0,Severe,"Bumper, Hood, Headlights/Taillights, Radiator, Airbags, Frame",1069500
7,107,20,2020856,3,1,Head-on,Dry,Rain,Two-wheeler,Comprehensive,0,1,32,Good,1.8,1.0,1.25,0.6,1.0,Critical,"Bumper, Hood, Headlights/Taillights, Radiator, Airbags, Frame, Engine",650900
746,98,15,1850184,2,1,Head-on,Wet,Clear,Sedan,Third-party,1,0,60,Good,1.8,1.3,1.0,1.0,1.0,Critical,"Bumper, Hood, Headlights/Taillights, Radiator, Airbags, Frame, Engine",910200
479,65,2,630817,2,1,Side,Dry,Clear,Truck,Comprehensive,1,2,29,Good,1.3,1.0,1.0,1.5,1.0,Severe,"Bumper, Door Panel, Headlights/Taillights, Radiator",368200
74,69,14,1979161,3,1,Side,Icy,Clear,Truck,Comprehensive,1,4,33,Good,1.3,1.8,1.0,1.5,1.0,Severe,"Bumper, Door Panel, Headlights/Taillights, Radiator",1243500
911,67,16,1107744,2,1,Pole,Dry,Fog,SUV,None,0,0,30,Good,1.5,1.0,1.15,1.3,1.0,Severe,"Bumper, Hood, Headlights/Taillights, Radiator",622300
814,140,4,2115111,5,1,Rollover,Gravel,Clear,Sedan,Comprehensive,1,3,69,Good,2.2,1.2,1.0,1.0,1.0,Total Loss,"Bumper, Door Panel, Headlights/Taillights, Radiator, Airbags, Frame, Engine, Total Loss",1540400
239,52,7,1526134,1,1,Side,Dry,Clear,Two-wheeler,Comprehensive,1,0,41,Good,1.3,1.0,1.0,0.6,1.0,Moderate,"Bumper, Door Panel, Headlights/Taillights",188900
146,66,16,501139,4,1,Rear-end,Dry,Fog,Sedan,Comprehensive,1,2,54,Bald,1.0,1.0,1.15,1.0,1.35,Severe,"Bumper, Door Panel, Headlights/Taillights, Radiator",329700
793,71,9,2354376,1,1,Rear-end,Dry,Snow,Sedan,Comprehensive,1,0,25,Worn,1.0,1.0,1.4,1.0,1.15,Severe,"Bumper, Door Panel, Headlights/Taillights, Radiator, Airbags, Frame",543300
235,101,10,2028794,2,1,Rollover,Dry,Clear,Truck,Comprehensive,1,1,70,Good,2.2,1.0,1.0,1.5,1.0,Critical,"Bumper, Door Panel, Headlights/Taillights, Radiator, Airbags, Frame, Engine",1387400
221,139,4,1166183,4,1,Rear-end,Dry,Clear,Sedan,Comprehensive,1,3,65,Good,1.0,1.0,1.0,1.0,1.0,Total Loss,"Bumper, Door Panel, Headlights/Taillights, Radiator, Airbags, Frame, Engine, Total Loss",493500
924,36,11,2274847,2,0,Rear-end,Icy,Clear,Two-wheeler,Third-party,0,2,45,Good,1.0,1.8,1.0,0.6,1.0,Moderate,"Bumper, Door Panel",280700
501,140,18,2231342,1,1,Side,Dry,Clear,Truck,Comprehensive,1,4,44,Worn,1.3,1.0,1.0,1.5,1.15,Total Loss,"Bumper, Door Panel, Headlights/Taillights, Radiator, Airbags, Frame, Engine, Total Loss",1424600
133,133,9,854399,1,1,Pole,Dry,Fog,SUV,Third-party,1,2,19,Worn,1.5,1.0,1.15,1.3,1.15,Total Loss,"Bumper, Hood, Headlights/Taillights, Radiator, Airbags, Frame, Engine, Total Loss",1202600
991,104,0,1171522,1,1,Rear-end,Dry,Clear,Hatchback,Third-party,1,0,46,Worn,1.0,1.0,1.0,0.85,1.15,Critical,"Bumper, Door Panel, Headlights/Taillights, Radiator, Airbags, Frame, Engine",316500
775,93,2,2230082,5,1,Head-on,Dry,Clear,Sedan,Comprehensive,1,2,62,Good,1.8,1.0,1.0,1.0,1.0,Critical,"Bumper, Hood, Headlights/Taillights, Radiator, Airbags, Frame, Engine",715100
186,46,3,1281883,3,1,Side,Dry,Clear,Truck,Comprehensive,1,1,55,Good,1.3,1.0,1.0,1.5,1.0,Moderate,"Bumper, Door Panel, Headlights/Taillights",378000
42,94,12,1919715,3,1,Side,Dry,Rain,Sedan,Comprehensive,1,3,63,Good,1.3,1.0,1.25,1.0,1.0,Critical,"Bumper, Door Panel, Headlights/Taillights, Radiator, Airbags, Frame, Engine",645400
697,135,1,395028,1,1,Rear-end,Gravel,Rain,Hatchback,None,0,3,58,Good,1.0,1.2,1.25,0.85,1.0,Total Loss,"Bumper, Door Panel, Headlights/Taillights, Radiator, Airbags, Frame, Engine, Total Loss",545200
109,67,2,1728080,1,1,Rollover,Icy,Clear,Sedan,None,1,1,64,Worn,2.2,1.8,1.0,1.0,1.15,Severe,"Bumper, Door Panel, Headlights/Taillights, Radiator",1214500
589,10,10,1506123,4,0,Head-on,Gravel,Rain,SUV,Comprehensive,0,0,26,Good,1.8,1.2,1.25,1.3,1.0,Minor,Minor scratches,603900
57,110,2,789626,3,1,Pole,Wet,Clear,SUV,Third-party,0,3,24,Good,1.5,1.3,1.0,1.3,1.0,Total Loss,"Bumper, Hood, Headlights/Taillights, Radiator, Airbags, Frame, Engine",901400
406,117,1,2545239,1,1,Side,Wet,Clear,Sedan,Third-party,0,3,31,Good,1.3,1.3,1.0,1.0,1.0,Total Loss,"Bumper, Door Panel, Headlights/Taillights, Radiator, Airbags, Frame, Engine, Total Loss",895500
443,11,0,2026605,5,0,Head-on,Icy,Clear,SUV,Comprehensive,0,3,66,Good,1.8,1.8,1.0,1.3,1.0,Minor,Bumper,762300
758,68,14,2146198,3,1,Rear-end,Dry,Rain,Hatchback,Comprehensive,1,4,60,Good,1.0,1.0,1.25,0.85,1.0,Severe,"Bumper, Door Panel, Headlights/Taillights, Radiator",383300
998,121,19,2481906,2,1,Pole,Dry,Clear,SUV,Comprehensive,0,4,27,Worn,1.5,1.0,1.0,1.3,1.15,Total Loss,"Bumper, Hood, Headlights/Taillights, Radiator, Airbags, Frame, Engine, Total Loss",1346100
25,63,3,2621046,3,1,Head-on,Dry,Rain,Hatchback,Comprehensive,0,3,43,Worn,1.8,1.0,1.25,0.85,1.15,Severe,"Bumper, Hood, Headlights/Taillights, Radiator",814900
468,131,7,2745840,1,1,Rear-end,Dry,Clear,Hatchback,None,1,4,25,Good,1.0,1.0,1.0,0.85,1.0,Total Loss,"Bumper, Door Panel, Headlights/Taillights, Radiator, Airbags, Frame, Engine, Total Loss",532500
540,87,7,1171877,3,1,Rollover,Dry,Clear,Sedan,None,0,3,46,Good,2.2,1.0,1.0,1.0,1.0,Severe,"Bumper, Door Panel, Headlights/Taillights, Radiator, Airbags, Frame",676600
532,59,6,568854,5,1,Head-on,Dry,Rain,Hatchback,Comprehensive,1,4,43,Bald,1.8,1.0,1.25,0.85,1.35,Moderate,"Bumper, Hood, Headlights/Taillights, Radiator",484900
619,38,0,2002159,1,0,Side,Dry,Clear,SUV,Third-party,0,0,19,Worn,1.3,1.0,1.0,1.3,1.15,Moderate,"Bumper, Door Panel",404000
695,99,18,2378808,4,1,Side,Dry,Fog,Two-wheeler,Comprehensive,1,2,20,Good,1.3,1.0,1.15,0.6,1.0,Critical,"Bumper, Door Panel, Headlights/Taillights, Radiator, Airbags, Frame, Engine",429700
927,12,19,811603,5,0,Rear-end,Wet,Clear,Sedan,None,1,0,54,Good,1.0,1.3,1.0,1.0,1.0,Minor,Bumper,157300
339,93,13,2473408,4,1,Rear-end,Dry,Clear,SUV,Comprehensive,1,3,47,Bald,1.0,1.0,1.0,1.3,1.35,Critical,"Bumper, Door Panel, Headlights/Taillights, Radiator, Airbags, Frame, Engine",774300
52,108,0,735684,1,1,Rear-end,Wet,Rain,SUV,Comprehensive,1,4,45,Good,1.0,1.3,1.25,1.3,1.0,Critical,"Bumper, Door Panel, Headlights/Taillights, Radiator, Airbags, Frame, Engine",716100
508,138,14,2928263,5,1,Head-on,Dry,Clear,SUV,Comprehensive,1,4,35,Good,1.8,1.0,1.0,1.3,1.0,Total Loss,"Bumper, Hood, Headlights/Taillights, Radiator, Airbags, Frame, Engine, Total Loss",1614700
517,123,11,743945,4,1,Rear-end,Icy,Rain,Truck,Comprehensive,0,0,55,Good,1.0,1.8,1.25,1.5,1.0,Total Loss,"Bumper, Door Panel, Headlights/Taillights, Radiator, Airbags, Frame, Engine, Total Loss",1414200
921,128,4,2229341,4,1,Rollover,Dry,Clear,Sedan,Comprehensive,1,4,38,Good,2.2,1.0,1.0,1.0,1.0,Total Loss,"Bumper, Door Panel, Headlights/Taillights, Radiator, Airbags, Frame, Engine, Total Loss",1185800
782,18,16,2964496,5,0,Head-on,Wet,Rain,Hatchback,Third-party,1,4,35,Good,1.8,1.3,1.25,0.85,1.0,Minor,Bumper,788500
265,118,0,2452299,4,1,Head-on,Dry,Rain,Sedan,Comprehensive,1,2,40,Good,1.8,1.0,1.25,1.0,1.0,Total Loss,"Bumper, Hood, Headlights/Taillights, Radiator, Airbags, Frame, Engine, Total Loss",1134200
818,80,3,1849420,5,1,Head-on,Gravel,Snow,Sedan,Comprehensive,0,3,22,Good,1.8,1.2,1.4,1.0,1.0,Severe,"Bumper, Hood, Headlights/Taillights, Radiator, Airbags, Frame",1065200
711,83,14,585711,1,1,Side,Dry,Snow,Sedan,Third-party,0,4,45,Worn,1.3,1.0,1.4,1.0,1.15,Severe,"Bumper, Door Panel, Headlights/Taillights, Radiator, Airbags, Frame",590600
683,63,12,1558870,3,1,Rollover,Dry,Clear,Sedan,Comprehensive,0,2,45,Good,2.2,1.0,1.0,1.0,1.0,Severe,"Bumper, Door Panel, Headlights/Taillights, Radiator",652600
833,51,0,2663040,1,1,Head-on,Dry,Clear,Truck,Comprehensive,0,3,54,Good,1.8,1.0,1.0,1.5,1.0,Moderate,"Bumper, Hood, Headlights/Taillights",881000
519,122,17,321253,3,1,Rollover,Dry,Clear,Sedan,None,1,4,31,Good,2.2,1.0,1.0,1.0,1.0,Total Loss,"Bumper, Door Panel, Headlights/Taillights, Radiator, Airbags, Frame, Engine, Total Loss",911000
448,87,5,2646582,5,1,Head-on,Dry,Clear,Sedan,Comprehensive,1,3,58,Good,1.8,1.0,1.0,1.0,1.0,Severe,"Bumper, Hood, Headlights/Taillights, Radiator, Airbags, Frame",734000
19,134,3,1164645,4,1,Side,Wet,Snow,Truck,Comprehensive,1,3,49,Good,1.3,1.3,1.4,1.5,1.0,Total Loss,"Bumper, Door Panel, Headlights/Taillights, Radiator, Airbags, Frame, Engine, Total Loss",1713900
716,74,16,2325739,4,1,Rear-end,Wet,Fog,Hatchback,Comprehensive,1,3,48,Good,1.0,1.3,1.15,0.85,1.0,Severe,"Bumper, Door Panel, Headlights/Taillights, Radiator, Airbags, Frame",487600
484,51,17,2490421,5,1,Side,Dry,Rain,Truck,Comprehensive,1,1,44,Good,1.3,1.0,1.25,1.5,1.0,Moderate,"Bumper, Door Panel, Headlights/Taillights",796500
569,54,4,694341,5,1,Side,Dry,Fog,Hatchback,Comprehensive,1,1,69,Good,1.3,1.0,1.15,0.85,1.0,Moderate,"Bumper, Door Panel, Headlights/Taillights",178400
434,43,9,2314410,3,1,Pole,Gravel,Clear,SUV,Third-party,0,2,52,Worn,1.5,1.2,1.0,1.3,1.15,Moderate,"Bumper, Hood, Headlights/Taillights",785100
368,84,5,2039461,1,1,Pole,Wet,Clear,Two-wheeler,Third-party,0,3,24,Worn,1.5,1.3,1.0,0.6,1.15,Severe,"Bumper, Hood, Headlights/Taillights, Radiator, Airbags, Frame",530500
84,37,7,1002436,1,0,Head-on,Wet,Clear,Two-wheeler,Comprehensive,1,2,28,Good,1.8,1.3,1.0,0.6,1.0,Moderate,"Bumper, Hood",210000
62,99,11,1227460,2,1,Rear-end,Dry,Rain,Sedan,Third-party,1,0,32,Good,1.0,1.0,1.25,1.0,1.0,Critical,"Bumper, Door Panel, Headlights/Taillights, Radiator, Airbags, Frame, Engine",443200
639,51,19,743316,1,1,Side,Dry,Rain,SUV,Comprehensive,1,3,54,Good,1.3,1.0,1.25,1.3,1.0,Moderate,"Bumper, Door Panel, Headlights/Taillights",440200
273,43,3,1733441,2,1,Side,Icy,Rain,Two-wheeler,Comprehensive,1,0,57,Worn,1.3,1.8,1.25,0.6,1.15,Moderate,"Bumper, Door Panel, Headlights/Taillights",467900
286,96,3,816409,2,1,Head-on,Dry,Clear,Sedan,Comprehensive,1,4,55,Worn,1.8,1.0,1.0,1.0,1.15,Critical,"Bumper, Hood, Headlights/Taillights, Radiator, Airbags, Frame, Engine",612000
361,38,4,816595,1,0,Pole,Wet,Rain,Truck,Comprehensive,1,2,65,Bald,1.5,1.3,1.25,1.5,1.35,Moderate,"Bumper, Hood",567600
355,37,2,1039290,5,0,Side,Dry,Clear,Truck,Third-party,0,0,56,Good,1.3,1.0,1.0,1.5,1.0,Moderate,"Bumper, Door Panel",228500
457,74,7,1508948,3,1,Rollover,Gravel,Clear,SUV,Third-party,0,1,55,Good,2.2,1.2,1.0,1.3,1.0,Severe,"Bumper, Door Panel, Headlights/Taillights, Radiator, Airbags, Frame",992100
279,139,18,1416271,4,1,Head-on,Dry,Fog,Sedan,None,1,4,40,Good,1.8,1.0,1.15,1.0,1.0,Total Loss,"Bumper, Hood, Headlights/Taillights, Radiator, Airbags, Frame, Engine, Total Loss",1197500
13,108,13,1557100,4,1,Side,Icy,Clear,Sedan,Comprehensive,1,0,70,Bald,1.3,1.8,1.0,1.0,1.35,Critical,"Bumper, Door Panel, Headlights/Taillights, Radiator, Airbags, Frame, Engine",1301100
183,108,1,1418095,2,1,Side,Dry,Clear,Truck,Comprehensive,0,2,49,Worn,1.3,1.0,1.0,1.5,1.15,Critical,"Bumper, Door Panel, Headlights/Taillights, Radiator, Airbags, Frame, Engine",893000
369,6,14,2450224,2,1,Rollover,Dry,Clear,Sedan,Comprehensive,1,2,67,Good,2.2,1.0,1.0,1.0,1.0,Minor,Minor scratches,625600
882,29,4,2302348,4,0,Pole,Dry,Clear,SUV,Third-party,1,3,53,Bald,1.5,1.0,1.0,1.3,1.35,Minor,"Bumper, Hood",603900
616,16,4,1816450,1,0,Side,Dry,Clear,SUV,Comprehensive,1,0,63,Good,1.3,1.0,1.0,1.3,1.0,Minor,Bumper,269300
224,119,8,644710,2,1,Side,Wet,Rain,Hatchback,Third-party,1,0,26,Good,1.3,1.3,1.25,0.85,1.0,Total Loss,"Bumper, Door Panel, Headlights/Taillights, Radiator, Airbags, Frame, Engine, Total Loss",657500
573,83,3,1096184,4,1,Side,Gravel,Rain,SUV,Third-party,0,0,20,Good,1.3,1.2,1.25,1.3,1.0,Severe,"Bumper, Door Panel, Headlights/Taillights, Radiator, Airbags, Frame",745300
971,63,13,2644351,2,1,Rear-end,Dry,Clear,Sedan,Comprehensive,1,3,25,Good,1.0,1.0,1.0,1.0,1.0,Severe,"Bumper, Door Panel, Headlights/Taillights, Radiator",380000
654,22,10,2862605,4,0,Head-on,Gravel,Rain,Sedan,Comprehensive,1,1,20,Worn,1.8,1.2,1.25,1.0,1.15,Minor,Bumper,865500
546,8,3,828423,4,0,Rollover,Gravel,Snow,Truck,Comprehensive,0,2,19,Bald,2.2,1.2,1.4,1.5,1.35,Minor,Minor scratches,713900
583,136,11,1327557,5,1,Head-on,Dry,Snow,SUV,Third-party,0,0,44,Bald,1.8,1.0,1.4,1.3,1.35,Total Loss,"Bumper, Hood, Headlights/Taillights, Radiator, Airbags, Frame, Engine, Total Loss",2302600
634,40,17,2976517,1,0,Rear-end,Dry,Clear,SUV,Comprehensive,1,3,18,Worn,1.0,1.0,1.0,1.3,1.15,Moderate,"Bumper, Door Panel",526200
177,94,10,1303171,1,1,Head-on,Dry,Rain,Sedan,Comprehensive,1,2,65,Worn,1.8,1.0,1.25,1.0,1.15,Critical,"Bumper, Hood, Headlights/Taillights, Radiator, Airbags, Frame, Engine",926600
666,17,3,763001,5,0,Head-on,Icy,Rain,SUV,None,0,4,57,Worn,1.8,1.8,1.25,1.3,1.15,Minor,Bumper,595300
674,115,4,1241768,4,1,Rear-end,Dry,Clear,Sedan,Third-party,1,2,30,Good,1.0,1.0,1.0,1.0,1.0,Total Loss,"Bumper, Door Panel, Headlights/Taillights, Radiator, Airbags, Frame, Engine, Total Loss",418500
586,88,4,2296170,3,1,Head-on,Icy,Clear,Two-wheeler,Comprehensive,0,2,54,Good,1.8,1.8,1.0,0.6,1.0,Severe,"Bumper, Hood, Headlights/Taillights, Radiator, Airbags, Frame",773000
874,79,0,1991870,5,1,Rear-end,Icy,Clear,Sedan,Third-party,0,1,56,Good,1.0,1.8,1.0,1.0,1.0,Severe,"Bumper, Door Panel, Headlights/Taillights, Radiator, Airbags, Frame",591700
394,139,14,2011672,3,1,Side,Gravel,Clear,Hatchback,Comprehensive,1,3,60,Good,1.3,1.2,1.0,0.85,1.0,Total Loss,"Bumper, Door Panel, Headlights/Taillights, Radiator, Airbags, Frame, Engine, Total Loss",827700
164,57,4,2545854,1,1,Side,Icy,Clear,Hatchback,None,0,4,36,Good,1.3,1.8,1.0,0.85,1.0,Moderate,"Bumper, Door Panel, Headlights/Taillights, Radiator",692000
249,41,16,2284117,4,1,Head-on,Wet,Snow,SUV,Third-party,1,4,35,Worn,1.8,1.3,1.4,1.3,1.15,Moderate,"Bumper, Hood, Headlights/Taillights",1606200
635,5,11,412782,1,0,Rear-end,Dry,Snow,Hatchback,Comprehensive,1,2,32,Bald,1.0,1.0,1.4,0.85,1.35,Minor,Minor scratches,125800
886,118,5,860315,5,1,Side,Wet,Clear,Hatchback,Comprehensive,0,1,46,Good,1.3,1.3,1.0,0.85,1.0,Total Loss,"Bumper, Door Panel, Headlights/Taillights, Radiator, Airbags, Frame, Engine, Total Loss",562200
670,113,15,815693,3,1,Rear-end,Dry,Fog,SUV,Third-party,1,2,45,Worn,1.0,1.0,1.15,1.3,1.15,Total Loss,"Bumper, Door Panel, Headlights/Taillights, Radiator, Airbags, Frame, Engine, Total Loss",649100
376,71,11,2681732,2,1,Head-on,Wet,Clear,Sedan,Comprehensive,1,1,55,Good,1.8,1.3,1.0,1.0,1.0,Severe,"Bumper, Hood, Headlights/Taillights, Radiator, Airbags, Frame",907500
413,117,17,570040,2,1,Pole,Dry,Rain,Sedan,None,1,0,31,Good,1.5,1.0,1.25,1.0,1.0,Total Loss,"Bumper, Hood, Headlights/Taillights, Radiator, Airbags, Frame, Engine, Total Loss",728400
75,93,11,1338199,3,1,Side,Dry,Rain,Hatchback,Third-party,0,1,37,Worn,1.3,1.0,1.25,0.85,1.15,Critical,"Bumper, Door Panel, Headlights/Taillights, Radiator, Airbags, Frame, Engine",569500
114,33,13,1544289,2,0,Rear-end,Dry,Clear,Hatchback,Third-party,1,0,38,Bald,1.0,1.0,1.0,0.85,1.35,Moderate,"Bumper, Door Panel",193700
599,136,16,1439929,1,1,Rear-end,Icy,Fog,Sedan,Comprehensive,1,3,58,Good,1.0,1.8,1.15,1.0,1.0,Total Loss,"Bumper, Door Panel, Headlights/Taillights, Radiator, Airbags, Frame, Engine, Total Loss",1134500
962,9,11,1983523,5,0,Rear-end,Dry,Clear,Truck,Comprehensive,0,2,23,Worn,1.0,1.0,1.0,1.5,1.15,Minor,Minor scratches,383000
391,94,2,2938509,4,1,Side,Gravel,Rain,Sedan,Comprehensive,1,3,19,Good,1.3,1.2,1.25,1.0,1.0,Critical,"Bumper, Door Panel, Headlights/Taillights, Radiator, Airbags, Frame, Engine",920700
105,19,17,1117052,5,0,Rear-end,Dry,Clear,Hatchback,Comprehensive,1,1,62,Worn,1.0,1.0,1.0,0.85,1.15,Minor,Bumper,130500
115,40,2,742939,2,0,Rear-end,Wet,Fog,Sedan,Third-party,0,1,60,Good,1.0,1.3,1.15,1.0,1.0,Moderate,"Bumper, Door Panel",136700
418,23,10,2664643,5,0,Side,Wet,Rain,SUV,Comprehensive,1,3,25,Worn,1.3,1.3,1.25,1.3,1.15,Minor,Bumper,873200
526,63,3,1158379,4,1,Pole,Dry,Clear,Hatchback,Comprehensive,1,3,67,Good,1.5,1.0,1.0,0.85,1.0,Severe,"Bumper, Hood, Headlights/Taillights, Radiator",276100
458,23,10,391006,4,0,Rollover,Dry,Clear,Sedan,Comprehensive,1,3,52,Good,2.2,1.0,1.0,1.0,1.0,Minor,Bumper,170400
410,109,16,2916501,1,1,Rear-end,Dry,Clear,Hatchback,None,1,2,57,Good,1.0,1.0,1.0,0.85,1.0,Critical,"Bumper, Door Panel, Headlights/Taillights, Radiator, Airbags, Frame, Engine",453000
93,52,6,1633140,2,1,Head-on,Wet,Fog,SUV,Comprehensive,1,1,50,Good,1.8,1.3,1.15,1.3,1.0,Moderate,"Bumper, Hood, Headlights/Taillights",840400
931,76,6,1784209,5,1,Head-on,Dry,Clear,Sedan,Comprehensive,1,1,39,Worn,1.8,1.0,1.0,1.0,1.15,Severe,"Bumper, Hood, Headlights/Taillights, Radiator, Airbags, Frame",680500
90,76,14,763547,1,1,Rollover,Gravel,Clear,SUV,Comprehensive,1,4,65,Good,2.2,1.2,1.0,1.3,1.0,Severe,"Bumper, Door Panel, Headlights/Taillights, Radiator, Airbags, Frame",878800
337,122,10,961616,2,1,Head-on,Wet,Clear,Truck,Third-party,1,3,25,Good,1.8,1.3,1.0,1.5,1.0,Total Loss,"Bumper, Hood, Headlights/Taillights, Radiator, Airbags, Frame, Engine, Total Loss",1569700
989,89,9,2067858,2,1,Side,Wet,Snow,Sedan,Comprehensive,1,4,33,Good,1.3,1.3,1.4,1.0,1.0,Severe,"Bumper, Door Panel, Headlights/Taillights, Radiator, Airbags, Frame",962000
922,91,19,1527146,4,1,Rear-end,Dry,Fog,Sedan,Third-party,1,2,52,Good,1.0,1.0,1.15,1.0,1.0,Critical,"Bumper, Door Panel, Headlights/Taillights, Radiator, Airbags, Frame, Engine",430900
934,55,15,2758042,2,1,Rear-end,Dry,Clear,Two-wheeler,Comprehensive,1,2,47,Good,1.0,1.0,1.0,0.6,1.0,Moderate,"Bumper, Door Panel, Headlights/Taillights",217900
606,126,19,1524744,1,1,Rear-end,Wet,Rain,SUV,Comprehensive,1,3,26,Worn,1.0,1.3,1.25,1.3,1.15,Total Loss,"Bumper, Door Panel, Headlights/Taillights, Radiator, Airbags, Frame, Engine, Total Loss",1245800
594,115,4,833634,2,1,Rollover,Dry,Clear,Truck,Comprehensive,0,0,43,Good,2.2,1.0,1.0,1.5,1.0,Total Loss,"Bumper, Door Panel, Headlights/Taillights, Radiator, Airbags, Frame, Engine, Total Loss",1245000
612,26,19,2584139,1,0,Rollover,Wet,Fog,SUV,Third-party,1,4,32,Good,2.2,1.3,1.15,1.3,1.0,Minor,"Bumper, Door Panel",1263500
95,41,20,1993439,2,1,Rear-end,Wet,Fog,Sedan,Comprehensive,1,1,20,Worn,1.0,1.3,1.15,1.0,1.15,Moderate,"Bumper, Door Panel, Headlights/Taillights",511300
12,104,20,2622523,5,1,Head-on,Dry,Clear,SUV,None,1,4,42,Good,1.8,1.0,1.0,1.3,1.0,Critical,"Bumper, Hood, Headlights/Taillights, Radiator, Airbags, Frame, Engine",1262100
397,79,16,2704899,3,1,Side,Dry,Clear,SUV,Third-party,0,0,30,Good,1.3,1.0,1.0,1.3,1.0,Severe,"Bumper, Door Panel, Headlights/Taillights, Radiator, Airbags, Frame",733600
534,99,18,2287118,3,1,Rear-end,Wet,Clear,Sedan,Comprehensive,1,3,29,Good,1.0,1.3,1.0,1.0,1.0,Critical,"Bumper, Door Panel, Headlights/Taillights, Radiator, Airbags, Frame, Engine",605300
44,134,1,1927687,4,1,Head-on,Dry,Rain,SUV,Third-party,1,1,62,Bald,1.8,1.0,1.25,1.3,1.35,Total Loss,"Bumper, Hood, Headlights/Taillights, Radiator, Airbags, Frame, Engine, Total Loss",2127300
43,57,10,2890310,2,1,Head-on,Dry,Snow,Hatchback,Comprehensive,1,1,26,Good,1.8,1.0,1.4,0.85,1.0,Moderate,"Bumper, Hood, Headlights/Taillights, Radiator",777000
330,133,6,743031,4,1,Rear-end,Dry,Rain,SUV,Comprehensive,1,2,56,Good,1.0,1.0,1.25,1.3,1.0,Total Loss,"Bumper, Door Panel, Headlights/Taillights, Radiator, Airbags, Frame, Engine, Total Loss",714400
168,28,13,745377,4,0,Head-on,Gravel,Rain,Sedan,Third-party,0,4,22,Good,1.8,1.2,1.25,1.0,1.0,Minor,"Bumper, Hood",400700
498,126,17,1165139,2,1,Head-on,Dry,Snow,Two-wheeler,None,0,0,25,Good,1.8,1.0,1.4,0.6,1.0,Total Loss,"Bumper, Hood, Headlights/Taillights, Radiator, Airbags, Frame, Engine, Total Loss",733500
877,139,6,772501,2,1,Rear-end,Dry,Clear,Truck,Third-party,1,1,52,Good,1.0,1.0,1.0,1.5,1.0,Total Loss,"Bumper, Door Panel, Headlights/Taillights, Radiator, Airbags, Frame, Engine, Total Loss",724100
598,12,4,729332,1,0,Rollover,Wet,Clear,Two-wheeler,Third-party,1,3,31,Good,2.2,1.3,1.0,0.6,1.0,Minor,Bumper,161700
757,44,20,1334586,4,1,Side,Wet,Clear,Sedan,Comprehensive,1,1,40,Good,1.3,1.3,1.0,1.0,1.0,Moderate,"Bumper, Door Panel, Headlights/Taillights",393000
101,5,8,525019,5,0,Head-on,Icy,Clear,Sedan,Third-party,1,1,61,Bald,1.8,1.8,1.0,1.0,1.35,Minor,Minor scratches,286300
427,121,16,1133731,2,1,Rear-end,Wet,Fog,Sedan,Comprehensive,1,4,33,Worn,1.0,1.3,1.15,1.0,1.15,Total Loss,"Bumper, Door Panel, Headlights/Taillights, Radiator, Airbags, Frame, Engine, Total Loss",794100
179,56,6,1670485,2,1,Head-on,Icy,Clear,Hatchback,Comprehensive,1,0,32,Worn,1.8,1.8,1.0,0.85,1.15,Moderate,"Bumper, Hood, Headlights/Taillights, Radiator",820800
445,126,19,1762436,4,1,Head-on,Gravel,Rain,SUV,Comprehensive,0,1,48,Good,1.8,1.2,1.25,1.3,1.0,Total Loss,"Bumper, Hood, Headlights/Taillights, Radiator, Airbags, Frame, Engine, Total Loss",1877800
417,90,5,1444620,3,1,Rear-end,Icy,Clear,Truck,Third-party,1,3,66,Bald,1.0,1.8,1.0,1.5,1.35,Critical,"Bumper, Door Panel, Headlights/Taillights, Radiator, Airbags, Frame",1222500
871,67,2,2041373,1,1,Rear-end,Dry,Clear,Hatchback,Comprehensive,1,2,47,Good,1.0,1.0,1.0,0.85,1.0,Severe,"Bumper, Door Panel, Headlights/Taillights, Radiator",261200
883,92,11,2628648,2,1,Side,Dry,Rain,Hatchback,Comprehensive,1,1,44,Worn,1.3,1.0,1.25,0.85,1.15,Critical,"Bumper, Door Panel, Headlights/Taillights, Radiator, Airbags, Frame, Engine",693300
681,30,8,573146,3,0,Rear-end,Dry,Clear,Sedan,Third-party,0,1,49,Good,1.0,1.0,1.0,1.0,1.0,Moderate,"Bumper, Door Panel",87900
178,100,5,2353607,3,1,Side,Dry,Clear,Truck,Third-party,1,0,40,Worn,1.3,1.0,1.0,1.5,1.15,Critical,"Bumper, Door Panel, Headlights/Taillights, Radiator, Airbags, Frame, Engine",987300
396,118,6,1935288,2,1,Side,Dry,Rain,Sedan,None,0,1,40,Worn,1.3,1.0,1.25,1.0,1.15,Total Loss,"Bumper, Door Panel, Headlights/Taillights, Radiator, Airbags, Frame, Engine, Total Loss",885800
912,136,15,1048736,3,1,Rear-end,Wet,Clear,Hatchback,Comprehensive,1,4,53,Worn,1.0,1.3,1.0,0.85,1.15,Total Loss,"Bumper, Door Panel, Headlights/Taillights, Radiator, Airbags, Frame, Engine, Total Loss",649700
794,139,9,2579176,5,1,Head-on,Dry,Clear,Hatchback,Third-party,1,2,62,Good,1.8,1.0,1.0,0.85,1.0,Total Loss,"Bumper, Hood, Headlights/Taillights, Radiator, Airbags, Frame, Engine, Total Loss",957200
961,24,9,735477,2,0,Side,Wet,Fog,Two-wheeler,Third-party,1,0,28,Worn,1.3,1.3,1.15,0.6,1.15,Minor,Bumper,129200
685,125,20,1464795,2,1,Pole,Gravel,Clear,Sedan,Third-party,0,4,34,Bald,1.5,1.2,1.0,1.0,1.35,Total Loss,"Bumper, Hood, Headlights/Taillights, Radiator, Airbags, Frame, Engine, Total Loss",1320700
384,50,13,2019014,2,1,Rear-end,Dry,Clear,Truck,Third-party,1,1,32,Good,1.0,1.0,1.0,1.5,1.0,Moderate,"Bumper, Door Panel, Headlights/Taillights",458500
957,51,10,1150350,4,1,Side,Dry,Rain,SUV,None,1,1,35,Bald,1.3,1.0,1.25,1.3,1.35,Moderate,"Bumper, Door Panel, Headlights/Taillights",658000
752,121,12,1856396,5,1,Side,Dry,Clear,Two-wheeler,Third-party,0,1,49,Good,1.3,1.0,1.0,0.6,1.0,Total Loss,"Bumper, Door Panel, Headlights/Taillights, Radiator, Airbags, Frame, Engine, Total Loss",396300
258,22,12,1929311,3,0,Head-on,Dry,Clear,SUV,None,1,2,33,Good,1.8,1.0,1.0,1.3,1.0,Minor,Bumper,500500
539,57,17,2819507,2,1,Rear-end,Dry,Clear,SUV,Comprehensive,1,1,52,Worn,1.0,1.0,1.0,1.3,1.15,Moderate,"Bumper, Door Panel, Headlights/Taillights, Radiator",573000
336,130,18,590998,4,1,Head-on,Dry,Rain,Sedan,Third-party,1,4,49,Good,1.8,1.0,1.25,1.0,1.0,Total Loss,"Bumper, Hood, Headlights/Taillights, Radiator, Airbags, Frame, Engine, Total Loss",1040700
16,6,0,551537,4,0,Rear-end,Wet,Fog,Sedan,Third-party,1,2,19,Good,1.0,1.3,1.15,1.0,1.0,Minor,Minor scratches,111300
325,94,11,2804594,2,1,Side,Wet,Fog,Sedan,Comprehensive,1,2,28,Good,1.3,1.3,1.15,1.0,1.0,Critical,"Bumper, Door Panel, Headlights/Taillights, Radiator, Airbags, Frame, Engine",895000
759,64,3,2197832,4,1,Rollover,Dry,Clear,Sedan,Third-party,0,4,19,Worn,2.2,1.0,1.0,1.0,1.15,Severe,"Bumper, Door Panel, Headlights/Taillights, Radiator",869700
223,37,10,1141965,3,0,Rear-end,Gravel,Clear,SUV,None,1,4,39,Worn,1.0,1.2,1.0,1.3,1.15,Moderate,"Bumper, Door Panel",306600
180,132,13,1981076,4,1,Side,Dry,Rain,Sedan,Third-party,0,0,63,Worn,1.3,1.0,1.25,1.0,1.15,Total Loss,"Bumper, Door Panel, Headlights/Taillights, Radiator, Airbags, Frame, Engine, Total Loss",1043800
984,102,2,862060,1,1,Rear-end,Gravel,Clear,SUV,Third-party,0,3,27,Good,1.0,1.2,1.0,1.3,1.0,Critical,"Bumper, Door Panel, Headlights/Taillights, Radiator, Airbags, Frame, Engine",527300
23,93,7,2221277,1,1,Rear-end,Gravel,Fog,Sedan,Third-party,1,1,36,Bald,1.0,1.2,1.15,1.0,1.35,Critical,"Bumper, Door Panel, Headlights/Taillights, Radiator, Airbags, Frame, Engine",772800
357,27,11,941147,4,0,Side,Gravel,Fog,Truck,Comprehensive,1,1,30,Good,1.3,1.2,1.15,1.5,1.0,Minor,"Bumper, Door Panel",373800
667,29,0,2117189,3,0,Rollover,Dry,Clear,SUV,Third-party,1,0,31,Good,2.2,1.0,1.0,1.3,1.0,Minor,"Bumper, Door Panel",555300
862,61,9,524605,1,1,Rear-end,Dry,Rain,Sedan,Comprehensive,1,3,20,Bald,1.0,1.0,1.25,1.0,1.35,Severe,"Bumper, Door Panel, Headlights/Taillights, Radiator",353800
341,133,3,481360,1,1,Side,Gravel,Rain,Sedan,Third-party,1,3,25,Good,1.3,1.2,1.25,1.0,1.0,Total Loss,"Bumper, Door Panel, Headlights/Taillights, Radiator, Airbags, Frame, Engine, Total Loss",852800
432,57,19,1756081,3,1,Rollover,Dry,Clear,SUV,Third-party,0,4,58,Worn,2.2,1.0,1.0,1.3,1.15,Moderate,"Bumper, Door Panel, Headlights/Taillights, Radiator",1047100
552,76,1,2168388,2,1,Side,Wet,Clear,Hatchback,Comprehensive,1,0,70,Worn,1.3,1.3,1.0,0.85,1.15,Severe,"Bumper, Door Panel, Headlights/Taillights, Radiator, Airbags, Frame",512700
834,94,20,1080926,5,1,Rear-end,Dry,Clear,SUV,Third-party,1,4,67,Worn,1.0,1.0,1.0,1.3,1.15,Critical,"Bumper, Door Panel, Headlights/Taillights, Radiator, Airbags, Frame, Engine",529200
204,79,8,1179903,5,1,Head-on,Dry,Rain,Sedan,None,1,1,28,Worn,1.8,1.0,1.25,1.0,1.15,Severe,"Bumper, Hood, Headlights/Taillights, Radiator, Airbags, Frame",767100
631,65,6,1604766,4,1,Rear-end,Gravel,Clear,Sedan,None,1,0,35,Good,1.0,1.2,1.0,1.0,1.0,Severe,"Bumper, Door Panel, Headlights/Taillights, Radiator",321100
94,66,16,2907411,1,1,Rear-end,Gravel,Fog,Sedan,Third-party,1,3,53,Good,1.0,1.2,1.15,1.0,1.0,Severe,"Bumper, Door Panel, Headlights/Taillights, Radiator",577000
559,58,13,2260584,5,1,Head-on,Wet,Clear,Sedan,Third-party,1,3,48,Good,1.8,1.3,1.0,1.0,1.0,Moderate,"Bumper, Hood, Headlights/Taillights, Radiator",809800
69,28,11,1582789,4,0,Rear-end,Dry,Rain,Truck,Comprehensive,1,4,25,Worn,1.0,1.0,1.25,1.5,1.15,Minor,"Bumper, Door Panel",445400
623,30,11,629638,1,1,Side,Wet,Clear,Hatchback,None,1,3,21,Good,1.3,1.3,1.0,0.85,1.0,Moderate,"Bumper, Door Panel",215500
285,119,17,1367609,4,1,Side,Wet,Fog,Sedan,Comprehensive,1,1,36,Good,1.3,1.3,1.15,1.0,1.0,Total Loss,"Bumper, Door Panel, Headlights/Taillights, Radiator, Airbags, Frame, Engine, Total Loss",916000
845,41,12,2827004,2,1,Pole,Wet,Clear,Two-wheeler,Comprehensive,1,1,23,Worn,1.5,1.3,1.0,0.6,1.15,Moderate,"Bumper, Hood, Headlights/Taillights",475100
435,113,7,2463859,4,1,Side,Gravel,Clear,Sedan,Comprehensive,1,0,66,Good,1.3,1.2,1.0,1.0,1.0,Total Loss,"Bumper, Door Panel, Headlights/Taillights, Radiator, Airbags, Frame, Engine, Total Loss",768500
154,117,19,2259925,3,1,Side,Wet,Rain,SUV,Third-party,1,3,48,Worn,1.3,1.3,1.25,1.3,1.15,Total Loss,"Bumper, Door Panel, Headlights/Taillights, Radiator, Airbags, Frame, Engine, Total Loss",1660700
76,75,15,960902,2,1,Rear-end,Dry,Clear,Hatchback,Third-party,0,3,41,Bald,1.0,1.0,1.0,0.85,1.35,Severe,"Bumper, Door Panel, Headlights/Taillights, Radiator, Airbags, Frame",337400
731,7,7,2220444,5,0,Rear-end,Gravel,Rain,Hatchback,Third-party,1,2,38,Worn,1.0,1.2,1.25,0.85,1.15,Minor,Minor scratches,328700
447,33,1,2163236,3,0,Rear-end,Dry,Rain,Truck,None,1,2,58,Worn,1.0,1.0,1.25,1.5,1.15,Moderate,"Bumper, Door Panel",446400
189,94,20,1918702,3,1,Side,Dry,Rain,Two-wheeler,Comprehensive,1,3,34,Good,1.3,1.0,1.25,0.6,1.0,Critical,"Bumper, Door Panel, Headlights/Taillights, Radiator, Airbags, Frame, Engine",402400
272,47,9,1443657,4,1,Rear-end,Dry,Snow,Two-wheeler,Third-party,0,3,67,Good,1.0,1.0,1.4,0.6,1.0,Moderate,"Bumper, Door Panel, Headlights/Taillights",196300
237,115,14,2966078,1,1,Rear-end,Wet,Fog,Two-wheeler,Comprehensive,1,2,22,Good,1.0,1.3,1.15,0.6,1.0,Total Loss,"Bumper, Door Panel, Headlights/Taillights, Radiator, Airbags, Frame, Engine, Total Loss",509700
488,121,12,1397353,2,1,Side,Dry,Clear,SUV,Comprehensive,1,3,26,Good,1.3,1.0,1.0,1.3,1.0,Total Loss,"Bumper, Door Panel, Headlights/Taillights, Radiator, Airbags, Frame, Engine, Total Loss",797700
118,90,1,520169,4,1,Head-on,Icy,Clear,Sedan,Comprehensive,1,1,26,Good,1.8,1.8,1.0,1.0,1.0,Critical,"Bumper, Hood, Headlights/Taillights, Radiator, Airbags, Frame",741600
944,50,1,1082877,5,1,Head-on,Wet,Fog,SUV,Comprehensive,1,4,48,Good,1.8,1.3,1.15,1.3,1.0,Moderate,"Bumper, Hood, Headlights/Taillights",688000
513,60,20,575709,3,1,Side,Gravel,Snow,Truck,Comprehensive,1,2,20,Good,1.3,1.2,1.4,1.5,1.0,Severe,"Bumper, Door Panel, Headlights/Taillights, Radiator",731800
826,73,17,2531984,3,1,Rear-end,Icy,Snow,Hatchback,Comprehensive,1,0,26,Good,1.0,1.8,1.4,0.85,1.0,Severe,"Bumper, Door Panel, Headlights/Taillights, Radiator, Airbags, Frame",852900
592,47,19,2085559,1,1,Side,Dry,Rain,Sedan,Comprehensive,0,2,37,Worn,1.3,1.0,1.25,1.0,1.15,Moderate,"Bumper, Door Panel, Headlights/Taillights",612800
127,48,3,2818970,5,1,Head-on,Dry,Snow,Sedan,Comprehensive,0,0,20,Good,1.8,1.0,1.4,1.0,1.0,Moderate,"Bumper, Hood, Headlights/Taillights",859000
117,75,12,604224,5,1,Head-on,Icy,Clear,SUV,Third-party,1,0,23,Worn,1.8,1.8,1.0,1.3,1.15,Severe,"Bumper, Hood, Headlights/Taillights, Radiator, Airbags, Frame",1101700
474,60,10,1737188,5,1,Head-on,Dry,Rain,Two-wheeler,Third-party,1,0,27,Good,1.8,1.0,1.25,0.6,1.0,Severe,"Bumper, Hood, Headlights/Taillights, Radiator",382900
694,98,5,2985747,3,1,Side,Wet,Clear,Two-wheeler,Comprehensive,1,1,69,Good,1.3,1.3,1.0,0.6,1.0,Critical,"Bumper, Door Panel, Headlights/Taillights, Radiator, Airbags, Frame, Engine",476600
58,8,2,588859,3,0,Rear-end,Gravel,Rain,SUV,Third-party,1,1,58,Worn,1.0,1.2,1.25,1.3,1.15,Minor,Minor scratches,111400
864,67,12,2646920,3,1,Rollover,Gravel,Rain,Sedan,Third-party,1,3,52,Good,2.2,1.2,1.25,1.0,1.0,Severe,"Bumper, Door Panel, Headlights/Taillights, Radiator",1242400
913,133,11,1826318,5,1,Rear-end,Icy,Clear,Two-wheeler,Comprehensive,1,4,44,Good,1.0,1.8,1.0,0.6,1.0,Total Loss,"Bumper, Door Panel, Headlights/Taillights, Radiator, Airbags, Frame, Engine, Total Loss",604700
370,132,1,1826322,5,1,Side,Dry,Clear,Hatchback,Third-party,1,1,63,Good,1.3,1.0,1.0,0.85,1.0,Total Loss,"Bumper, Door Panel, Headlights/Taillights, Radiator, Airbags, Frame, Engine, Total Loss",550500
269,134,10,2641991,5,1,Rear-end,Dry,Rain,Sedan,Comprehensive,1,3,34,Good,1.0,1.0,1.25,1.0,1.0,Total Loss,"Bumper, Door Panel, Headlights/Taillights, Radiator, Airbags, Frame, Engine, Total Loss",795000
47,115,20,727387,5,1,Rollover,Gravel,Rain,Sedan,Third-party,1,3,70,Good,2.2,1.2,1.25,1.0,1.0,Total Loss,"Bumper, Door Panel, Headlights/Taillights, Radiator, Airbags, Frame, Engine, Total Loss",1291300
350,51,1,1801584,3,1,Pole,Dry,Rain,Sedan,Comprehensive,1,3,30,Good,1.5,1.0,1.25,1.0,1.0,Moderate,"Bumper, Hood, Headlights/Taillights",500200
196,41,8,2173722,4,1,Head-on,Dry,Rain,Hatchback,None,1,0,41,Bald,1.8,1.0,1.25,0.85,1.35,Moderate,"Bumper, Hood, Headlights/Taillights",724400
1000,90,2,1800134,5,1,Rear-end,Icy,Clear,Truck,Comprehensive,1,0,70,Good,1.0,1.8,1.0,1.5,1.0,Critical,"Bumper, Door Panel, Headlights/Taillights, Radiator, Airbags, Frame",837200
835,50,16,2684291,4,1,Rollover,Dry,Rain,SUV,Third-party,1,3,70,Good,2.2,1.0,1.25,1.3,1.0,Moderate,"Bumper, Door Panel, Headlights/Taillights",1243200
737,134,4,612023,3,1,Rear-end,Dry,Fog,Sedan,Third-party,1,3,47,Good,1.0,1.0,1.15,1.0,1.0,Total Loss,"Bumper, Door Panel, Headlights/Taillights, Radiator, Airbags, Frame, Engine, Total Loss",508300
264,28,7,2813024,5,0,Rear-end,Wet,Fog,SUV,Comprehensive,1,2,70,Good,1.0,1.3,1.15,1.3,1.0,Minor,"Bumper, Door Panel",499800
444,31,12,1812760,4,0,Rear-end,Dry,Clear,Sedan,Comprehensive,1,3,67,Good,1.0,1.0,1.0,1.0,1.0,Moderate,"Bumper, Door Panel",184900
676,117,1,2140083,4,1,Head-on,Gravel,Clear,Sedan,Third-party,1,2,50,Good,1.8,1.2,1.0,1.0,1.0,Total Loss,"Bumper, Hood, Headlights/Taillights, Radiator, Airbags, Frame, Engine, Total Loss",1016200
305,112,6,2070485,4,1,Rollover,Wet,Clear,Hatchback,Third-party,1,0,35,Good,2.2,1.3,1.0,0.85,1.0,Total Loss,"Bumper, Door Panel, Headlights/Taillights, Radiator, Airbags, Frame, Engine, Total Loss",1138800
342,20,16,2744026,3,0,Rear-end,Dry,Rain,Truck,Third-party,1,4,66,Good,1.0,1.0,1.25,1.5,1.0,Minor,Bumper,520800
967,112,17,1881420,3,1,Rear-end,Wet,Clear,Two-wheeler,Comprehensive,1,1,62,Good,1.0,1.3,1.0,0.6,1.0,Total Loss,"Bumper, Door Panel, Headlights/Taillights, Radiator, Airbags, Frame, Engine, Total Loss",366300
150,134,11,1799698,4,1,Side,Dry,Clear,Hatchback,Comprehensive,1,4,58,Worn,1.3,1.0,1.0,0.85,1.15,Total Loss,"Bumper, Door Panel, Headlights/Taillights, Radiator, Airbags, Frame, Engine, Total Loss",704400
125,32,14,1048321,1,0,Rollover,Wet,Rain,Sedan,Comprehensive,1,0,51,Worn,2.2,1.3,1.25,1.0,1.15,Moderate,"Bumper, Door Panel",535400
787,67,11,2893659,4,1,Side,Icy,Clear,Truck,Third-party,0,0,66,Good,1.3,1.8,1.0,1.5,1.0,Severe,"Bumper, Door Panel, Headlights/Taillights, Radiator",1327200
51,54,16,1597638,5,1,Rear-end,Dry,Clear,Sedan,Comprehensive,1,0,36,Good,1.0,1.0,1.0,1.0,1.0,Moderate,"Bumper, Door Panel, Headlights/Taillights",261700
354,104,10,2525198,5,1,Rear-end,Dry,Clear,Truck,Comprehensive,1,3,47,Worn,1.0,1.0,1.0,1.5,1.15,Critical,"Bumper, Door Panel, Headlights/Taillights, Radiator, Airbags, Frame, Engine",825700
928,69,5,915863,2,1,Rear-end,Dry,Clear,Sedan,Comprehensive,1,1,42,Worn,1.0,1.0,1.0,1.0,1.15,Severe,"Bumper, Door Panel, Headlights/Taillights, Radiator",253200
143,122,6,441214,4,1,Rear-end,Gravel,Clear,SUV,Comprehensive,1,0,66,Good,1.0,1.2,1.0,1.3,1.0,Total Loss,"Bumper, Door Panel, Headlights/Taillights, Radiator, Airbags, Frame, Engine, Total Loss",538700
471,135,19,1557669,3,1,Side,Wet,Fog,Sedan,Third-party,1,1,48,Good,1.3,1.3,1.15,1.0,1.0,Total Loss,"Bumper, Door Panel, Headlights/Taillights, Radiator, Airbags, Frame, Engine, Total Loss",1059300
400,105,3,2078539,1,1,Rollover,Wet,Clear,Sedan,Third-party,1,4,66,Good,2.2,1.3,1.0,1.0,1.0,Critical,"Bumper, Door Panel, Headlights/Taillights, Radiator, Airbags, Frame, Engine",1253000
626,60,20,338547,1,1,Side,Dry,Clear,SUV,Third-party,1,4,54,Bald,1.3,1.0,1.0,1.3,1.35,Severe,"Bumper, Door Panel, Headlights/Taillights, Radiator",451400
321,67,17,786275,3,1,Rear-end,Dry,Clear,Hatchback,Comprehensive,1,3,63,Worn,1.0,1.0,1.0,0.85,1.15,Severe,"Bumper, Door Panel, Headlights/Taillights, Radiator",246900
20,25,18,1728127,1,0,Head-on,Dry,Rain,Sedan,Third-party,1,4,38,Good,1.8,1.0,1.25,1.0,1.0,Minor,Bumper,474500
810,42,9,1008140,2,1,Rollover,Wet,Clear,Sedan,None,1,3,27,Good,2.2,1.3,1.0,1.0,1.0,Moderate,"Bumper, Door Panel, Headlights/Taillights",571600
791,43,6,2200341,4,1,Head-on,Dry,Clear,Two-wheeler,Comprehensive,1,1,37,Good,1.8,1.0,1.0,0.6,1.0,Moderate,"Bumper, Hood, Headlights/Taillights",300900
809,122,9,1663501,3,1,Head-on,Wet,Clear,Truck,Third-party,1,4,24,Good,1.8,1.3,1.0,1.5,1.0,Total Loss,"Bumper, Hood, Headlights/Taillights, Radiator, Airbags, Frame, Engine, Total Loss",1734100
408,27,10,2298671,3,0,Rear-end,Dry,Rain,Sedan,None,0,2,53,Worn,1.0,1.0,1.25,1.0,1.15,Minor,"Bumper, Door Panel",354300
538,27,12,1748763,4,0,Side,Icy,Rain,Hatchback,Comprehensive,1,3,63,Bald,1.3,1.8,1.25,0.85,1.35,Minor,"Bumper, Door Panel",677700
621,49,18,1610875,5,1,Rear-end,Dry,Rain,Hatchback,Comprehensive,1,0,57,Bald,1.0,1.0,1.25,0.85,1.35,Moderate,"Bumper, Door Panel, Headlights/Taillights",393700
39,64,19,2275154,1,1,Rear-end,Gravel,Clear,Sedan,Comprehensive,0,1,52,Good,1.0,1.2,1.0,1.0,1.0,Severe,"Bumper, Door Panel, Headlights/Taillights, Radiator",439000
176,7,4,1617630,3,1,Head-on,Wet,Clear,Hatchback,Third-party,1,1,53,Worn,1.8,1.3,1.0,0.85,1.15,Minor,Minor scratches,419800
246,10,12,1415488,4,1,Rear-end,Wet,Clear,SUV,Comprehensive,1,1,47,Good,1.0,1.3,1.0,1.3,1.0,Minor,Minor scratches,354000
829,108,16,585521,2,1,Side,Dry,Clear,Two-wheeler,Third-party,0,1,31,Good,1.3,1.0,1.0,0.6,1.0,Critical,"Bumper, Door Panel, Headlights/Taillights, Radiator, Airbags, Frame, Engine",289700
668,72,0,2451061,3,1,Head-on,Wet,Clear,Hatchback,Third-party,0,1,21,Good,1.8,1.3,1.0,0.85,1.0,Severe,"Bumper, Hood, Headlights/Taillights, Radiator, Airbags, Frame",684000
755,39,15,662455,1,0,Head-on,Wet,Clear,Sedan,Comprehensive,1,3,58,Good,1.8,1.3,1.0,1.0,1.0,Moderate,"Bumper, Hood",309300
859,105,18,2195066,3,1,Rollover,Wet,Rain,Hatchback,Comprehensive,1,2,34,Good,2.2,1.3,1.25,0.85,1.0,Critical,"Bumper, Door Panel, Headlights/Taillights, Radiator, Airbags, Frame, Engine",1440900
155,85,4,1818087,1,1,Side,Icy,Clear,SUV,Third-party,1,1,24,Good,1.3,1.8,1.0,1.3,1.0,Severe,"Bumper, Door Panel, Headlights/Taillights, Radiator, Airbags, Frame",1035800
288,70,13,2948272,4,1,Head-on,Wet,Rain,Truck,Third-party,1,1,40,Good,1.8,1.3,1.25,1.5,1.0,Severe,"Bumper, Hood, Headlights/Taillights, Radiator",1746500
603,100,14,1145474,1,1,Side,Wet,Rain,SUV,None,0,1,41,Worn,1.3,1.3,1.25,1.3,1.15,Critical,"Bumper, Door Panel, Headlights/Taillights, Radiator, Airbags, Frame, Engine",1147600
570,102,0,1546713,4,1,Rear-end,Dry,Fog,Two-wheeler,Third-party,1,4,40,Good,1.0,1.0,1.15,0.6,1.0,Critical,"Bumper, Door Panel, Headlights/Taillights, Radiator, Airbags, Frame, Engine",259100
744,13,14,2731149,1,0,Rear-end,Wet,Fog,Two-wheeler,Comprehensive,0,1,18,Worn,1.0,1.3,1.15,0.6,1.15,Minor,Bumper,303600
18,42,20,1141531,1,1,Rear-end,Wet,Fog,SUV,Third-party,1,2,66,Good,1.0,1.3,1.15,1.3,1.0,Moderate,"Bumper, Door Panel, Headlights/Taillights",421800
128,88,12,2027408,5,1,Rear-end,Wet,Clear,Hatchback,Comprehensive,1,2,59,Worn,1.0,1.3,1.0,0.85,1.15,Severe,"Bumper, Door Panel, Headlights/Taillights, Radiator, Airbags, Frame",461200
323,96,13,1457655,1,1,Head-on,Icy,Rain,Sedan,Comprehensive,1,1,55,Good,1.8,1.8,1.25,1.0,1.0,Critical,"Bumper, Hood, Headlights/Taillights, Radiator, Airbags, Frame, Engine",1425000
256,71,1,2658638,5,1,Head-on,Wet,Rain,Sedan,Comprehensive,1,4,46,Worn,1.8,1.3,1.25,1.0,1.15,Severe,"Bumper, Hood, Headlights/Taillights, Radiator, Airbags, Frame",1228400
658,123,16,2523650,1,1,Head-on,Dry,Clear,Sedan,Comprehensive,1,4,46,Good,1.8,1.0,1.0,1.0,1.0,Total Loss,"Bumper, Hood, Headlights/Taillights, Radiator, Airbags, Frame, Engine, Total Loss",1083000
965,103,9,302352,1,1,Head-on,Dry,Clear,Sedan,Comprehensive,1,2,55,Worn,1.8,1.0,1.0,1.0,1.15,Critical,"Bumper, Hood, Headlights/Taillights, Radiator, Airbags, Frame, Engine",599900
191,64,12,1800071,1,1,Side,Gravel,Clear,SUV,Comprehensive,1,1,68,Bald,1.3,1.2,1.0,1.3,1.35,Severe,"Bumper, Door Panel, Headlights/Taillights, Radiator",793000
116,17,11,1352207,2,0,Side,Dry,Rain,Truck,None,0,3,70,Good,1.3,1.0,1.25,1.5,1.0,Minor,Bumper,367100
617,94,20,1537715,2,1,Rollover,Gravel,Clear,Two-wheeler,Comprehensive,1,4,69,Good,2.2,1.2,1.0,0.6,1.0,Critical,"Bumper, Door Panel, Headlights/Taillights, Radiator, Airbags, Frame, Engine",604700
607,55,17,2075922,3,1,Rear-end,Gravel,Snow,Hatchback,Third-party,1,4,60,Good,1.0,1.2,1.4,0.85,1.0,Moderate,"Bumper, Door Panel, Headlights/Taillights",457900
181,43,10,1911935,4,1,Head-on,Dry,Clear,Sedan,Comprehensive,1,3,61,Good,1.8,1.0,1.0,1.0,1.0,Moderate,"Bumper, Hood, Headlights/Taillights",464700
302,12,15,1980403,1,0,Side,Icy,Clear,Truck,Comprehensive,1,3,48,Good,1.3,1.8,1.0,1.5,1.0,Minor,Bumper,718900
760,68,10,2046688,3,1,Side,Dry,Clear,Hatchback,None,1,2,19,Worn,1.3,1.0,1.0,0.85,1.15,Severe,"Bumper, Door Panel, Headlights/Taillights, Radiator",426000
713,30,18,1423389,4,1,Head-on,Dry,Fog,Truck,None,1,1,63,Worn,1.8,1.0,1.15,1.5,1.15,Moderate,"Bumper, Hood",765200
724,94,13,1820943,2,1,Side,Gravel,Clear,Two-wheeler,Comprehensive,0,1,62,Good,1.3,1.2,1.0,0.6,1.0,Critical,"Bumper, Door Panel, Headlights/Taillights, Radiator, Airbags, Frame, Engine",370000
686,37,12,1689330,4,0,Side,Icy,Rain,SUV,Comprehensive,1,2,70,Worn,1.3,1.8,1.25,1.3,1.15,Moderate,"Bumper, Door Panel",815000
980,26,20,2865618,3,0,Side,Dry,Clear,Sedan,Comprehensive,1,0,27,Good,1.3,1.0,1.0,1.0,1.0,Minor,"Bumper, Door Panel",397500
518,37,19,2415810,2,0,Rear-end,Dry,Clear,Hatchback,Comprehensive,1,2,50,Good,1.0,1.0,1.0,0.85,1.0,Moderate,"Bumper, Door Panel",231500
985,41,17,1407054,1,1,Pole,Dry,Clear,Sedan,Comprehensive,1,4,36,Good,1.5,1.0,1.0,1.0,1.0,Moderate,"Bumper, Hood, Headlights/Taillights",383400
46,96,1,1260612,4,1,Side,Dry,Rain,Hatchback,None,1,1,53,Worn,1.3,1.0,1.25,0.85,1.15,Critical,"Bumper, Door Panel, Headlights/Taillights, Radiator, Airbags, Frame, Engine",487400
910,118,11,2226711,5,1,Pole,Gravel,Clear,SUV,Comprehensive,0,0,44,Bald,1.5,1.2,1.0,1.3,1.35,Total Loss,"Bumper, Hood, Headlights/Taillights, Radiator, Airbags, Frame, Engine, Total Loss",1628200
158,134,2,2177541,1,1,Head-on,Dry,Clear,Sedan,Comprehensive,1,1,33,Good,1.8,1.0,1.0,1.0,1.0,Total Loss,"Bumper, Hood, Headlights/Taillights, Radiator, Airbags, Frame, Engine, Total Loss",1021700
852,55,9,1156626,4,1,Side,Dry,Snow,SUV,Comprehensive,1,1,61,Good,1.3,1.0,1.4,1.3,1.0,Moderate,"Bumper, Door Panel, Headlights/Taillights",507100
172,101,16,2579203,3,1,Rear-end,Wet,Clear,Hatchback,None,1,4,67,Good,1.0,1.3,1.0,0.85,1.0,Critical,"Bumper, Door Panel, Headlights/Taillights, Radiator, Airbags, Frame, Engine",554800
17,92,18,2056124,5,1,Rear-end,Icy,Clear,SUV,Comprehensive,0,3,44,Good,1.0,1.8,1.0,1.3,1.0,Critical,"Bumper, Door Panel, Headlights/Taillights, Radiator, Airbags, Frame, Engine",1002400
512,14,16,2026199,5,0,Rear-end,Gravel,Clear,Two-wheeler,Comprehensive,1,3,39,Good,1.0,1.2,1.0,0.6,1.0,Minor,Bumper,171300
49,39,8,2233731,1,1,Side,Dry,Clear,Truck,Comprehensive,1,4,20,Good,1.3,1.0,1.0,1.5,1.0,Moderate,"Bumper, Door Panel",591600
972,132,5,426060,4,1,Side,Icy,Clear,Sedan,Comprehensive,0,3,57,Good,1.3,1.8,1.0,1.0,1.0,Total Loss,"Bumper, Door Panel, Headlights/Taillights, Radiator, Airbags, Frame, Engine, Total Loss",983800
941,82,0,2780252,5,1,Side,Dry,Rain,Hatchback,Third-party,1,1,42,Worn,1.3,1.0,1.25,0.85,1.15,Severe,"Bumper, Door Panel, Headlights/Taillights, Radiator, Airbags, Frame",617600
516,9,3,2945088,3,0,Rollover,Dry,Clear,Hatchback,Comprehensive,1,0,64,Worn,2.2,1.0,1.0,0.85,1.15,Minor,Minor scratches,518200
953,33,3,2940240,1,0,Rear-end,Dry,Fog,SUV,Comprehensive,1,3,53,Good,1.0,1.0,1.15,1.3,1.0,Moderate,"Bumper, Door Panel",407600
481,84,9,1164690,2,1,Rollover,Dry,Clear,Two-wheeler,Third-party,0,2,37,Worn,2.2,1.0,1.0,0.6,1.15,Severe,"Bumper, Door Panel, Headlights/Taillights, Radiator, Airbags, Frame",461200
284,12,6,1981641,2,0,Side,Dry,Snow,SUV,Comprehensive,1,3,25,Good,1.3,1.0,1.4,1.3,1.0,Minor,Bumper,474200
719,23,5,722381,2,0,Rollover,Icy,Clear,Sedan,Comprehensive,1,1,51,Worn,2.2,1.8,1.0,1.0,1.15,Minor,Bumper,327500
878,95,3,1497162,3,1,Head-on,Wet,Clear,Sedan,None,1,1,67,Good,1.8,1.3,1.0,1.0,1.0,Critical,"Bumper, Hood, Headlights/Taillights, Radiator, Airbags, Frame, Engine",776100
226,26,8,751157,4,1,Side,Dry,Rain,Sedan,Comprehensive,1,4,65,Good,1.3,1.0,1.25,1.0,1.0,Minor,"Bumper, Door Panel",250000
27,55,6,1915777,4,1,Rear-end,Dry,Rain,Hatchback,Comprehensive,1,1,31,Worn,1.0,1.0,1.25,0.85,1.15,Moderate,"Bumper, Door Panel, Headlights/Taillights",349300
955,6,5,1672236,5,0,Head-on,Gravel,Clear,SUV,Comprehensive,1,4,33,Worn,1.8,1.2,1.0,1.3,1.15,Minor,Minor scratches,563100
438,137,1,1587087,4,1,Head-on,Wet,Clear,Hatchback,Third-party,1,2,70,Good,1.8,1.3,1.0,0.85,1.0,Total Loss,"Bumper, Hood, Headlights/Taillights, Radiator, Airbags, Frame, Engine, Total Loss",1014300
952,40,19,2272424,1,0,Head-on,Wet,Clear,Sedan,Third-party,0,0,50,Good,1.8,1.3,1.0,1.0,1.0,Moderate,"Bumper, Hood",594300
365,8,4,543306,1,0,Side,Gravel,Rain,Hatchback,None,1,2,32,Worn,1.3,1.2,1.25,0.85,1.15,Minor,Minor scratches,136200
230,12,9,1180412,5,0,Side,Icy,Rain,Sedan,Comprehensive,1,2,18,Good,1.3,1.8,1.25,1.0,1.0,Minor,Bumper,383400
38,93,2,2622621,2,1,Rear-end,Dry,Clear,SUV,Third-party,1,0,61,Good,1.0,1.0,1.0,1.3,1.0,Critical,"Bumper, Door Panel, Headlights/Taillights, Radiator, Airbags, Frame, Engine",529700
966,90,5,433004,1,1,Head-on,Wet,Clear,Hatchback,Comprehensive,1,4,45,Good,1.8,1.3,1.0,0.85,1.0,Critical,"Bumper, Hood, Headlights/Taillights, Radiator, Airbags, Frame",512600
375,16,14,887100,1,0,Rear-end,Wet,Clear,SUV,Third-party,0,2,49,Bald,1.0,1.3,1.0,1.3,1.35,Minor,Bumper,294300
470,5,17,2709965,1,1,Rear-end,Wet,Fog,SUV,Third-party,1,0,35,Good,1.0,1.3,1.15,1.3,1.0,Minor,Minor scratches,590200
968,28,12,1086261,2,0,Pole,Dry,Clear,Hatchback,Third-party,1,3,34,Good,1.5,1.0,1.0,0.85,1.0,Minor,"Bumper, Hood",221900
851,126,2,1819825,3,1,Rear-end,Dry,Snow,Hatchback,Comprehensive,1,0,18,Good,1.0,1.0,1.4,0.85,1.0,Total Loss,"Bumper, Door Panel, Headlights/Taillights, Radiator, Airbags, Frame, Engine, Total Loss",589300
705,83,6,1529787,1,1,Rear-end,Wet,Rain,Two-wheeler,Comprehensive,1,4,45,Good,1.0,1.3,1.25,0.6,1.0,Severe,"Bumper, Door Panel, Headlights/Taillights, Radiator, Airbags, Frame",317600
842,72,9,1672070,5,1,Rear-end,Wet,Clear,SUV,Third-party,1,1,36,Worn,1.0,1.3,1.0,1.3,1.15,Severe,"Bumper, Door Panel, Headlights/Taillights, Radiator, Airbags, Frame",568000
195,52,1,370119,1,1,Side,Dry,Snow,Truck,Comprehensive,1,4,18,Bald,1.3,1.0,1.4,1.5,1.35,Moderate,"Bumper, Door Panel, Headlights/Taillights",576300
855,45,16,1454424,3,1,Rollover,Wet,Clear,Two-wheeler,None,1,1,38,Good,2.2,1.3,1.0,0.6,1.0,Moderate,"Bumper, Door Panel, Headlights/Taillights",388500
865,59,13,984029,1,1,Side,Dry,Clear,Hatchback,Third-party,1,3,46,Bald,1.3,1.0,1.0,0.85,1.35,Moderate,"Bumper, Door Panel, Headlights/Taillights, Radiator",348600
504,105,2,2922221,2,1,Side,Icy,Snow,SUV,Comprehensive,0,1,64,Bald,1.3,1.8,1.4,1.3,1.35,Critical,"Bumper, Door Panel, Headlights/Taillights, Radiator, Airbags, Frame, Engine",2746500
970,124,9,2771465,2,1,Rear-end,Dry,Snow,Truck,Comprehensive,1,4,49,Good,1.0,1.0,1.4,1.5,1.0,Total Loss,"Bumper, Door Panel, Headlights/Taillights, Radiator, Airbags, Frame, Engine, Total Loss",1267000
831,138,11,1386787,4,1,Rear-end,Dry,Clear,Hatchback,Third-party,1,2,26,Good,1.0,1.0,1.0,0.85,1.0,Total Loss,"Bumper, Door Panel, Headlights/Taillights, Radiator, Airbags, Frame, Engine, Total Loss",449800
580,85,15,819165,5,1,Side,Dry,Fog,Sedan,Comprehensive,1,2,35,Good,1.3,1.0,1.15,1.0,1.0,Severe,"Bumper, Door Panel, Headlights/Taillights, Radiator, Airbags, Frame",432500
969,85,2,350098,3,1,Head-on,Wet,Clear,Two-wheeler,Third-party,1,3,18,Good,1.8,1.3,1.0,0.6,1.0,Severe,"Bumper, Hood, Headlights/Taillights, Radiator, Airbags, Frame",335400
163,134,17,2289968,2,1,Rear-end,Dry,Clear,Sedan,Third-party,1,4,67,Good,1.0,1.0,1.0,1.0,1.0,Total Loss,"Bumper, Door Panel, Headlights/Taillights, Radiator, Airbags, Frame, Engine, Total Loss",601900
909,117,15,368803,4,1,Side,Dry,Rain,SUV,Third-party,1,1,51,Good,1.3,1.0,1.25,1.3,1.0,Total Loss,"Bumper, Door Panel, Headlights/Taillights, Radiator, Airbags, Frame, Engine, Total Loss",745800
153,105,6,929085,2,1,Head-on,Wet,Snow,SUV,Comprehensive,1,2,39,Good,1.8,1.3,1.4,1.3,1.0,Critical,"Bumper, Hood, Headlights/Taillights, Radiator, Airbags, Frame, Engine",1476000
802,90,9,2708630,4,1,Side,Wet,Clear,Two-wheeler,Third-party,1,0,56,Bald,1.3,1.3,1.0,0.6,1.35,Critical,"Bumper, Door Panel, Headlights/Taillights, Radiator, Airbags, Frame",567800
994,21,0,2996405,2,0,Rear-end,Dry,Fog,Hatchback,Comprehensive,1,1,67,Good,1.0,1.0,1.15,0.85,1.0,Minor,Bumper,237500
756,5,14,579713,4,0,Rear-end,Wet,Fog,Truck,Comprehensive,0,1,56,Good,1.0,1.3,1.15,1.5,1.0,Minor,Minor scratches,195100
112,100,6,2400343,4,1,Rear-end,Dry,Clear,SUV,Comprehensive,1,1,38,Good,1.0,1.0,1.0,1.3,1.0,Critical,"Bumper, Door Panel, Headlights/Taillights, Radiator, Airbags, Frame, Engine",566600
227,42,2,1406581,1,1,Pole,Icy,Clear,SUV,Third-party,1,1,21,Worn,1.5,1.8,1.0,1.3,1.15,Moderate,"Bumper, Hood, Headlights/Taillights",826200
689,116,3,2709381,1,1,Rear-end,Dry,Clear,Sedan,Third-party,1,4,27,Good,1.0,1.0,1.0,1.0,1.0,Total Loss,"Bumper, Door Panel, Headlights/Taillights, Radiator, Airbags, Frame, Engine, Total Loss",539900
104,31,7,897218,5,0,Head-on,Icy,Clear,Sedan,Third-party,1,4,49,Worn,1.8,1.8,1.0,1.0,1.15,Moderate,"Bumper, Hood",446200
422,32,8,2700081,1,0,Head-on,Dry,Clear,Two-wheeler,Comprehensive,1,4,40,Good,1.8,1.0,1.0,0.6,1.0,Moderate,"Bumper, Hood",287600
420,80,0,2886218,5,1,Head-on,Gravel,Rain,Sedan,Comprehensive,1,1,63,Good,1.8,1.2,1.25,1.0,1.0,Severe,"Bumper, Hood, Headlights/Taillights, Radiator, Airbags, Frame",1070100
751,82,10,2952235,3,1,Side,Icy,Clear,Sedan,Comprehensive,1,1,39,Good,1.3,1.8,1.0,1.0,1.0,Severe,"Bumper, Door Panel, Headlights/Taillights, Radiator, Airbags, Frame",1018100
587,73,19,1793934,1,1,Head-on,Wet,Rain,Truck,Third-party,1,3,22,Worn,1.8,1.3,1.25,1.5,1.15,Severe,"Bumper, Hood, Headlights/Taillights, Radiator, Airbags, Frame",1806600
781,108,1,2975685,2,1,Rear-end,Gravel,Clear,SUV,Comprehensive,0,1,18,Good,1.0,1.2,1.0,1.3,1.0,Critical,"Bumper, Door Panel, Headlights/Taillights, Radiator, Airbags, Frame, Engine",810400
673,38,15,714994,1,0,Head-on,Gravel,Fog,Sedan,Comprehensive,1,3,51,Good,1.8,1.2,1.15,1.0,1.0,Moderate,"Bumper, Hood",339900
120,70,4,852959,3,1,Head-on,Icy,Rain,SUV,Comprehensive,1,1,29,Good,1.8,1.8,1.25,1.3,1.0,Severe,"Bumper, Hood, Headlights/Taillights, Radiator",1216400
54,6,7,2730525,1,0,Head-on,Wet,Rain,Sedan,Third-party,1,2,57,Good,1.8,1.3,1.25,1.0,1.0,Minor,Minor scratches,714400
152,117,9,392601,2,1,Head-on,Wet,Rain,SUV,Third-party,1,1,68,Bald,1.8,1.3,1.25,1.3,1.35,Total Loss,"Bumper, Hood, Headlights/Taillights, Radiator, Airbags, Frame, Engine, Total Loss",1763600
404,41,20,319675,3,1,Head-on,Wet,Rain,Truck,Comprehensive,0,4,19,Good,1.8,1.3,1.25,1.5,1.0,Moderate,"Bumper, Hood, Headlights/Taillights",805800
946,11,20,2530393,1,0,Rear-end,Gravel,Clear,SUV,Comprehensive,0,4,63,Good,1.0,1.2,1.0,1.3,1.0,Minor,Bumper,431900
208,116,9,1278836,1,1,Rear-end,Icy,Rain,Sedan,Comprehensive,0,2,31,Worn,1.0,1.8,1.25,1.0,1.15,Total Loss,"Bumper, Door Panel, Headlights/Taillights, Radiator, Airbags, Frame, Engine, Total Loss",1144900
659,32,7,1321469,1,0,Rear-end,Dry,Fog,Truck,Comprehensive,1,2,27,Good,1.0,1.0,1.15,1.5,1.0,Moderate,"Bumper, Door Panel",287600
844,124,13,2893726,3,1,Rear-end,Gravel,Clear,Sedan,Comprehensive,0,4,48,Good,1.0,1.2,1.0,1.0,1.0,Total Loss,"Bumper, Door Panel, Headlights/Taillights, Radiator, Airbags, Frame, Engine, Total Loss",746000
763,15,3,2961637,2,0,Head-on,Dry,Rain,SUV,None,1,3,46,Worn,1.8,1.0,1.25,1.3,1.15,Minor,Bumper,905500
9,79,9,1264163,5,1,Rollover,Icy,Fog,Hatchback,Comprehensive,1,2,32,Worn,2.2,1.8,1.15,0.85,1.15,Severe,"Bumper, Door Panel, Headlights/Taillights, Radiator, Airbags, Frame",1273500
808,101,14,2025322,2,1,Head-on,Dry,Clear,Sedan,Comprehensive,0,2,53,Good,1.8,1.0,1.0,1.0,1.0,Critical,"Bumper, Hood, Headlights/Taillights, Radiator, Airbags, Frame, Engine",790100
37,136,18,2316411,3,1,Head-on,Wet,Clear,Two-wheeler,Third-party,1,3,44,Good,1.8,1.3,1.0,0.6,1.0,Total Loss,"Bumper, Hood, Headlights/Taillights, Radiator, Airbags, Frame, Engine, Total Loss",881700
453,75,1,853343,5,1,Rear-end,Dry,Clear,Hatchback,Third-party,0,3,34,Worn,1.0,1.0,1.0,0.85,1.15,Severe,"Bumper, Door Panel, Headlights/Taillights, Radiator, Airbags, Frame",229400
652,115,1,883098,2,1,Rollover,Dry,Rain,Hatchback,Comprehensive,1,2,24,Good,2.2,1.0,1.25,0.85,1.0,Total Loss,"Bumper, Door Panel, Headlights/Taillights, Radiator, Airbags, Frame, Engine, Total Loss",901600
254,103,2,1485574,1,1,Pole,Gravel,Rain,Sedan,Third-party,0,4,44,Worn,1.5,1.2,1.25,1.0,1.15,Critical,"Bumper, Hood, Headlights/Taillights, Radiator, Airbags, Frame, Engine",1011000
304,64,18,2248183,2,1,Side,Dry,Clear,Sedan,None,1,0,39,Good,1.3,1.0,1.0,1.0,1.0,Severe,"Bumper, Door Panel, Headlights/Taillights, Radiator",443800
747,99,5,388668,4,1,Rollover,Dry,Rain,Sedan,Comprehensive,1,1,69,Good,2.2,1.0,1.25,1.0,1.0,Critical,"Bumper, Door Panel, Headlights/Taillights, Radiator, Airbags, Frame, Engine",744300
572,34,11,1749796,3,0,Pole,Wet,Rain,Hatchback,None,1,2,43,Good,1.5,1.3,1.25,0.85,1.0,Moderate,"Bumper, Hood",429200
624,51,9,900517,2,1,Side,Wet,Clear,Truck,Third-party,1,0,21,Worn,1.3,1.3,1.0,1.5,1.15,Moderate,"Bumper, Door Panel, Headlights/Taillights",571500
733,14,1,1394979,2,0,Head-on,Wet,Clear,Sedan,Third-party,0,4,60,Bald,1.8,1.3,1.0,1.0,1.35,Minor,Bumper,445100
892,90,5,2961198,1,1,Side,Wet,Rain,Sedan,Comprehensive,0,0,66,Worn,1.3,1.3,1.25,1.0,1.15,Critical,"Bumper, Door Panel, Headlights/Taillights, Radiator, Airbags, Frame",1073100
263,108,15,1282599,2,1,Side,Dry,Clear,Hatchback,Comprehensive,0,0,51,Worn,1.3,1.0,1.0,0.85,1.15,Critical,"Bumper, Door Panel, Headlights/Taillights, Radiator, Airbags, Frame, Engine",523400
611,65,4,2993956,1,1,Pole,Dry,Fog,Sedan,Third-party,1,4,20,Worn,1.5,1.0,1.15,1.0,1.15,Severe,"Bumper, Hood, Headlights/Taillights, Radiator",804200
298,74,7,1333316,1,1,Rear-end,Dry,Rain,Hatchback,Comprehensive,0,1,20,Good,1.0,1.0,1.25,0.85,1.0,Severe,"Bumper, Door Panel, Headlights/Taillights, Radiator, Airbags, Frame",304900
415,88,13,2709029,4,1,Pole,Dry,Clear,Sedan,Comprehensive,1,2,42,Good,1.5,1.0,1.0,1.0,1.0,Severe,"Bumper, Hood, Headlights/Taillights, Radiator, Airbags, Frame",687300
151,135,14,1507786,2,1,Side,Wet,Rain,Sedan,Third-party,0,3,61,Worn,1.3,1.3,1.25,1.0,1.15,Total Loss,"Bumper, Door Panel, Headlights/Taillights, Radiator, Airbags, Frame, Engine, Total Loss",1340900
789,108,6,1642057,1,1,Head-on,Dry,Clear,Sedan,None,1,0,61,Worn,1.8,1.0,1.0,1.0,1.15,Critical,"Bumper, Hood, Headlights/Taillights, Radiator, Airbags, Frame, Engine",833000
641,60,17,1534915,2,1,Side,Wet,Clear,Sedan,Comprehensive,0,1,39,Bald,1.3,1.3,1.0,1.0,1.35,Severe,"Bumper, Door Panel, Headlights/Taillights, Radiator",632900
890,109,11,903291,3,1,Rear-end,Dry,Rain,SUV,Comprehensive,1,2,25,Good,1.0,1.0,1.25,1.3,1.0,Critical,"Bumper, Door Panel, Headlights/Taillights, Radiator, Airbags, Frame, Engine",609700
551,99,13,2068967,3,1,Head-on,Dry,Rain,SUV,Comprehensive,0,2,36,Worn,1.8,1.0,1.25,1.3,1.15,Critical,"Bumper, Hood, Headlights/Taillights, Radiator, Airbags, Frame, Engine",1461600
887,53,7,2571073,4,1,Head-on,Dry,Snow,Hatchback,Third-party,1,3,70,Good,1.8,1.0,1.4,0.85,1.0,Moderate,"Bumper, Hood, Headlights/Taillights",691900
489,58,18,2545218,4,1,Side,Dry,Clear,Sedan,Comprehensive,0,3,70,Bald,1.3,1.0,1.0,1.0,1.35,Moderate,"Bumper, Door Panel, Headlights/Taillights, Radiator",639700
148,16,11,1321318,3,0,Pole,Wet,Fog,Hatchback,Third-party,1,2,66,Good,1.5,1.3,1.15,0.85,1.0,Minor,Bumper,228600
147,56,20,1328494,5,1,Pole,Dry,Clear,Sedan,Comprehensive,1,2,49,Good,1.5,1.0,1.0,1.0,1.0,Moderate,"Bumper, Hood, Headlights/Taillights, Radiator",420000
721,117,2,760244,1,1,Pole,Wet,Rain,Sedan,Third-party,0,2,44,Worn,1.5,1.3,1.25,1.0,1.15,Total Loss,"Bumper, Hood, Headlights/Taillights, Radiator, Airbags, Frame, Engine, Total Loss",1063500
932,58,0,1322788,5,1,Pole,Dry,Clear,Sedan,Comprehensive,1,2,41,Good,1.5,1.0,1.0,1.0,1.0,Moderate,"Bumper, Hood, Headlights/Taillights, Radiator",322100
740,67,4,1055111,3,1,Rear-end,Gravel,Fog,Hatchback,Third-party,1,0,35,Good,1.0,1.2,1.15,0.85,1.0,Severe,"Bumper, Door Panel, Headlights/Taillights, Radiator",257600
660,43,14,2862046,1,1,Rear-end,Icy,Clear,Hatchback,Comprehensive,1,0,49,Good,1.0,1.8,1.0,0.85,1.0,Moderate,"Bumper, Door Panel, Headlights/Taillights",504500
349,73,19,2999424,2,1,Rear-end,Dry,Clear,Sedan,Comprehensive,0,3,44,Bald,1.0,1.0,1.0,1.0,1.35,Severe,"Bumper, Door Panel, Headlights/Taillights, Radiator, Airbags, Frame",595800
464,130,6,978841,3,1,Side,Wet,Clear,Sedan,Third-party,1,3,34,Worn,1.3,1.3,1.0,1.0,1.15,Total Loss,"Bumper, Door Panel, Headlights/Taillights, Radiator, Airbags, Frame, Engine, Total Loss",894500
326,121,3,1543294,2,1,Pole,Dry,Clear,Two-wheeler,Comprehensive,1,3,64,Good,1.5,1.0,1.0,0.6,1.0,Total Loss,"Bumper, Hood, Headlights/Taillights, Radiator, Airbags, Frame, Engine, Total Loss",416100
187,103,7,1968321,1,1,Rollover,Wet,Snow,Sedan,Third-party,1,2,39,Good,2.2,1.3,1.4,1.0,1.0,Critical,"Bumper, Door Panel, Headlights/Taillights, Radiator, Airbags, Frame, Engine",1707900
124,32,6,1738454,1,0,Pole,Dry,Clear,Sedan,Comprehensive,1,2,39,Bald,1.5,1.0,1.0,1.0,1.35,Moderate,"Bumper, Hood",375600
854,44,8,2461352,5,1,Side,Dry,Clear,Two-wheeler,Comprehensive,1,2,64,Good,1.3,1.0,1.0,0.6,1.0,Moderate,"Bumper, Door Panel, Headlights/Taillights",232700
609,9,1,2431018,5,0,Rollover,Dry,Clear,SUV,Comprehensive,1,0,29,Good,2.2,1.0,1.0,1.3,1.0,Minor,Minor scratches,632500
144,100,13,1921219,4,1,Side,Wet,Clear,Hatchback,Comprehensive,1,0,47,Good,1.3,1.3,1.0,0.85,1.0,Critical,"Bumper, Door Panel, Headlights/Taillights, Radiator, Airbags, Frame, Engine",595700
959,134,4,467647,1,1,Side,Wet,Snow,Truck,Comprehensive,1,0,59,Worn,1.3,1.3,1.4,1.5,1.15,Total Loss,"Bumper, Door Panel, Headlights/Taillights, Radiator, Airbags, Frame, Engine, Total Loss",1691300
198,103,2,2867793,1,1,Rollover,Icy,Clear,Truck,Comprehensive,1,3,27,Good,2.2,1.8,1.0,1.5,1.0,Critical,"Bumper, Door Panel, Headlights/Taillights, Radiator, Airbags, Frame, Engine",2878000
610,96,8,735071,1,1,Side,Wet,Clear,Sedan,Comprehensive,1,1,38,Worn,1.3,1.3,1.0,1.0,1.15,Critical,"Bumper, Door Panel, Headlights/Taillights, Radiator, Airbags, Frame, Engine",591500
280,61,9,2828268,5,1,Head-on,Dry,Clear,SUV,Comprehensive,0,0,23,Worn,1.8,1.0,1.0,1.3,1.15,Severe,"Bumper, Hood, Headlights/Taillights, Radiator",1046400
294,62,13,2235090,3,1,Rear-end,Wet,Snow,Two-wheeler,Comprehensive,1,4,18,Good,1.0,1.3,1.4,0.6,1.0,Severe,"Bumper, Door Panel, Headlights/Taillights, Radiator",377900
401,103,8,964917,4,1,Pole,Icy,Clear,Truck,None,0,1,24,Good,1.5,1.8,1.0,1.5,1.0,Critical,"Bumper, Hood, Headlights/Taillights, Radiator, Airbags, Frame, Engine",1417700
123,138,11,2373290,5,1,Rollover,Dry,Rain,Sedan,Comprehensive,0,3,18,Good,2.2,1.0,1.25,1.0,1.0,Total Loss,"Bumper, Door Panel, Headlights/Taillights, Radiator, Airbags, Frame, Engine, Total Loss",1798900
184,133,6,1358079,3,1,Rear-end,Gravel,Rain,Truck,Comprehensive,1,2,27,Good,1.0,1.2,1.25,1.5,1.0,Total Loss,"Bumper, Door Panel, Headlights/Taillights, Radiator, Airbags, Frame, Engine, Total Loss",1139100
203,120,16,1163403,5,1,Head-on,Wet,Clear,SUV,None,1,3,48,Worn,1.8,1.3,1.0,1.3,1.15,Total Loss,"Bumper, Hood, Headlights/Taillights, Radiator, Airbags, Frame, Engine, Total Loss",1595800
439,79,0,1584294,1,1,Head-on,Dry,Rain,SUV,Comprehensive,1,3,44,Good,1.8,1.0,1.25,1.3,1.0,Severe,"Bumper, Hood, Headlights/Taillights, Radiator, Airbags, Frame",863800
247,103,4,2653847,2,1,Rear-end,Dry,Clear,Truck,Comprehensive,1,1,18,Bald,1.0,1.0,1.0,1.5,1.35,Critical,"Bumper, Door Panel, Headlights/Taillights, Radiator, Airbags, Frame, Engine",925300
416,116,14,866088,4,1,Rear-end,Wet,Snow,Hatchback,Comprehensive,1,3,59,Good,1.0,1.3,1.4,0.85,1.0,Total Loss,"Bumper, Door Panel, Headlights/Taillights, Radiator, Airbags, Frame, Engine, Total Loss",648400
933,71,20,1128791,4,1,Head-on,Dry,Clear,Sedan,Third-party,0,2,56,Good,1.8,1.0,1.0,1.0,1.0,Severe,"Bumper, Hood, Headlights/Taillights, Radiator, Airbags, Frame",525800
766,64,18,2688229,2,1,Side,Wet,Fog,Truck,Third-party,1,4,20,Good,1.3,1.3,1.15,1.5,1.0,Severe,"Bumper, Door Panel, Headlights/Taillights, Radiator",1208700
907,82,15,2830971,1,1,Rear-end,Gravel,Rain,Sedan,Comprehensive,1,3,26,Worn,1.0,1.2,1.25,1.0,1.15,Severe,"Bumper, Door Panel, Headlights/Taillights, Radiator, Airbags, Frame",801700
836,111,15,2395588,1,1,Rear-end,Wet,Clear,SUV,Third-party,1,2,37,Worn,1.0,1.3,1.0,1.3,1.15,Total Loss,"Bumper, Door Panel, Headlights/Taillights, Radiator, Airbags, Frame, Engine, Total Loss",941000
888,85,17,2235135,2,1,Rear-end,Icy,Rain,SUV,Comprehensive,1,1,62,Worn,1.0,1.8,1.25,1.3,1.15,Severe,"Bumper, Door Panel, Headlights/Taillights, Radiator, Airbags, Frame",1307200
130,79,0,2122550,3,1,Head-on,Wet,Clear,SUV,Comprehensive,1,1,23,Worn,1.8,1.3,1.0,1.3,1.15,Severe,"Bumper, Hood, Headlights/Taillights, Radiator, Airbags, Frame",1203100
638,103,12,1311316,1,1,Head-on,Gravel,Clear,SUV,Comprehensive,1,4,37,Worn,1.8,1.2,1.0,1.3,1.15,Critical,"Bumper, Hood, Headlights/Taillights, Radiator, Airbags, Frame, Engine",1236900
403,100,15,1252246,4,1,Head-on,Dry,Clear,Truck,Comprehensive,1,0,18,Good,1.8,1.0,1.0,1.5,1.0,Critical,"Bumper, Hood, Headlights/Taillights, Radiator, Airbags, Frame, Engine",1012300
785,101,10,2827786,5,1,Side,Dry,Fog,Hatchback,Comprehensive,1,2,32,Good,1.3,1.0,1.15,0.85,1.0,Critical,"Bumper, Door Panel, Headlights/Taillights, Radiator, Airbags, Frame, Engine",655000
771,127,20,1459608,4,1,Rear-end,Dry,Clear,Sedan,Comprehensive,0,3,54,Worn,1.0,1.0,1.0,1.0,1.15,Total Loss,"Bumper, Door Panel, Headlights/Taillights, Radiator, Airbags, Frame, Engine, Total Loss",613900
736,17,11,1304001,1,0,Pole,Dry,Clear,Truck,Third-party,1,0,29,Good,1.5,1.0,1.0,1.5,1.0,Minor,Bumper,337100
914,12,7,999539,4,1,Rear-end,Dry,Rain,Sedan,Comprehensive,1,2,26,Good,1.0,1.0,1.25,1.0,1.0,Minor,Bumper,209000
220,140,13,2784884,5,1,Head-on,Dry,Clear,Sedan,Comprehensive,1,3,64,Good,1.8,1.0,1.0,1.0,1.0,Total Loss,"Bumper, Hood, Headlights/Taillights, Radiator, Airbags, Frame, Engine, Total Loss",1196300
642,18,9,775595,4,0,Rear-end,Wet,Fog,Sedan,Third-party,0,4,68,Good,1.0,1.3,1.15,1.0,1.0,Minor,Bumper,165300
916,107,2,1651099,3,1,Head-on,Dry,Clear,Truck,Comprehensive,1,0,68,Good,1.8,1.0,1.0,1.5,1.0,Critical,"Bumper, Hood, Headlights/Taillights, Radiator, Airbags, Frame, Engine",1018700
753,124,20,570914,4,1,Head-on,Wet,Rain,Sedan,Third-party,0,1,63,Good,1.8,1.3,1.25,1.0,1.0,Total Loss,"Bumper, Hood, Headlights/Taillights, Radiator, Airbags, Frame, Engine, Total Loss",1216700
807,78,8,773866,2,1,Rollover,Dry,Rain,Hatchback,Third-party,0,2,42,Good,2.2,1.0,1.25,0.85,1.0,Severe,"Bumper, Door Panel, Headlights/Taillights, Radiator, Airbags, Frame",618200
920,114,7,2116030,4,1,Rollover,Dry,Fog,Hatchback,Comprehensive,1,2,47,Good,2.2,1.0,1.15,0.85,1.0,Total Loss,"Bumper, Door Panel, Headlights/Taillights, Radiator, Airbags, Frame, Engine, Total Loss",995200
625,125,19,1453224,3,1,Pole,Wet,Clear,Sedan,Comprehensive,1,0,46,Worn,1.5,1.3,1.0,1.0,1.15,Total Loss,"Bumper, Hood, Headlights/Taillights, Radiator, Airbags, Frame, Engine, Total Loss",1120300
875,42,5,1661303,2,1,Head-on,Wet,Rain,Sedan,Third-party,1,1,48,Good,1.8,1.3,1.25,1.0,1.0,Moderate,"Bumper, Hood, Headlights/Taillights",634900
761,97,18,2036263,2,1,Side,Wet,Clear,Truck,Comprehensive,1,2,55,Worn,1.3,1.3,1.0,1.5,1.15,Critical,"Bumper, Door Panel, Headlights/Taillights, Radiator, Airbags, Frame, Engine",1231800
387,85,6,1204098,5,1,Head-on,Dry,Clear,Sedan,Comprehensive,1,3,68,Worn,1.8,1.0,1.0,1.0,1.15,Severe,"Bumper, Hood, Headlights/Taillights, Radiator, Airbags, Frame",605100
973,118,2,1536530,3,1,Head-on,Dry,Snow,Sedan,Third-party,0,3,60,Good,1.8,1.0,1.4,1.0,1.0,Total Loss,"Bumper, Hood, Headlights/Taillights, Radiator, Airbags, Frame, Engine, Total Loss",1110300
510,119,6,2568185,5,1,Rear-end,Dry,Rain,Sedan,Comprehensive,1,3,64,Good,1.0,1.0,1.25,1.0,1.0,Total Loss,"Bumper, Door Panel, Headlights/Taillights, Radiator, Airbags, Frame, Engine, Total Loss",658400
268,131,12,2698083,5,1,Rear-end,Dry,Clear,Hatchback,Comprehensive,1,0,66,Good,1.0,1.0,1.0,0.85,1.0,Total Loss,"Bumper, Door Panel, Headlights/Taillights, Radiator, Airbags, Frame, Engine, Total Loss",499500
820,99,9,2654476,1,1,Side,Dry,Clear,Sedan,Comprehensive,0,3,21,Good,1.3,1.0,1.0,1.0,1.0,Critical,"Bumper, Door Panel, Headlights/Taillights, Radiator, Airbags, Frame, Engine",639700
442,78,12,1984351,4,1,Head-on,Dry,Clear,Truck,Comprehensive,1,3,19,Good,1.8,1.0,1.0,1.5,1.0,Severe,"Bumper, Hood, Headlights/Taillights, Radiator, Airbags, Frame",1004700
497,12,11,2930723,4,0,Side,Wet,Rain,Sedan,Comprehensive,1,1,44,Good,1.3,1.3,1.25,1.0,1.0,Minor,Bumper,579000
113,136,16,2225544,4,1,Rollover,Dry,Rain,Sedan,Third-party,1,0,68,Worn,2.2,1.0,1.25,1.0,1.15,Total Loss,"Bumper, Door Panel, Headlights/Taillights, Radiator, Airbags, Frame, Engine, Total Loss",1842600
692,79,13,1266920,3,1,Rollover,Dry,Clear,Sedan,Comprehensive,0,1,65,Bald,2.2,1.0,1.0,1.0,1.35,Severe,"Bumper, Door Panel, Headlights/Taillights, Radiator, Airbags, Frame",898500
233,25,7,1992110,5,0,Head-on,Gravel,Snow,Hatchback,Comprehensive,0,1,64,Good,1.8,1.2,1.4,0.85,1.0,Minor,Bumper,521700
870,39,3,520972,5,0,Head-on,Dry,Rain,Two-wheeler,Comprehensive,0,0,45,Good,1.8,1.0,1.25,0.6,1.0,Moderate,"Bumper, Hood",106700
608,25,13,968590,5,1,Side,Wet,Rain,Truck,Comprehensive,1,0,52,Good,1.3,1.3,1.25,1.5,1.0,Minor,Bumper,572800
672,115,20,539017,2,1,Side,Gravel,Fog,Sedan,Third-party,1,1,61,Good,1.3,1.2,1.15,1.0,1.0,Total Loss,"Bumper, Door Panel, Headlights/Taillights, Radiator, Airbags, Frame, Engine, Total Loss",676200
374,105,17,1111554,3,1,Rollover,Wet,Snow,Hatchback,Third-party,1,3,37,Good,2.2,1.3,1.4,0.85,1.0,Critical,"Bumper, Door Panel, Headlights/Taillights, Radiator, Airbags, Frame, Engine",1322300
982,33,1,1972795,3,1,Rear-end,Wet,Clear,Sedan,Comprehensive,1,0,42,Good,1.0,1.3,1.0,1.0,1.0,Moderate,"Bumper, Door Panel",301300
843,137,8,2730721,2,1,Side,Gravel,Clear,Sedan,Third-party,0,3,46,Good,1.3,1.2,1.0,1.0,1.0,Total Loss,"Bumper, Door Panel, Headlights/Taillights, Radiator, Airbags, Frame, Engine, Total Loss",997500
234,34,4,617875,4,0,Head-on,Icy,Clear,Sedan,Comprehensive,1,2,53,Good,1.8,1.8,1.0,1.0,1.0,Moderate,"Bumper, Hood",290300
786,27,6,1049971,3,0,Rollover,Wet,Snow,Sedan,Third-party,1,3,65,Worn,2.2,1.3,1.4,1.0,1.15,Minor,"Bumper, Door Panel",605000
677,87,17,1817740,2,1,Rollover,Dry,Clear,Hatchback,Third-party,1,1,69,Worn,2.2,1.0,1.0,0.85,1.15,Severe,"Bumper, Door Panel, Headlights/Taillights, Radiator, Airbags, Frame",792200
318,128,16,1777852,5,1,Head-on,Dry,Clear,Hatchback,Comprehensive,1,4,70,Good,1.8,1.0,1.0,0.85,1.0,Total Loss,"Bumper, Hood, Headlights/Taillights, Radiator, Airbags, Frame, Engine, Total Loss",826800
649,119,4,1923154,3,1,Rollover,Gravel,Clear,SUV,Comprehensive,1,1,41,Good,2.2,1.2,1.0,1.3,1.0,Total Loss,"Bumper, Door Panel, Headlights/Taillights, Radiator, Airbags, Frame, Engine, Total Loss",1616000
411,34,7,1055678,2,0,Rear-end,Dry,Fog,Truck,Comprehensive,0,1,67,Worn,1.0,1.0,1.15,1.5,1.15,Moderate,"Bumper, Door Panel",259200
899,66,1,2838143,1,1,Rear-end,Dry,Clear,Sedan,Third-party,1,3,66,Good,1.0,1.0,1.0,1.0,1.0,Severe,"Bumper, Door Panel, Headlights/Taillights, Radiator",354800
710,66,6,1157342,4,1,Head-on,Icy,Clear,SUV,Comprehensive,0,2,53,Good,1.8,1.8,1.0,1.3,1.0,Severe,"Bumper, Hood, Headlights/Taillights, Radiator",1044600
359,73,14,2804840,3,1,Head-on,Dry,Clear,Hatchback,Comprehensive,0,4,61,Good,1.8,1.0,1.0,0.85,1.0,Severe,"Bumper, Hood, Headlights/Taillights, Radiator, Airbags, Frame",641000
259,29,12,1188036,3,0,Head-on,Wet,Snow,Sedan,None,1,0,70,Good,1.8,1.3,1.4,1.0,1.0,Minor,"Bumper, Hood",419800
745,42,10,2199054,3,1,Head-on,Dry,Clear,Hatchback,None,1,3,66,Good,1.8,1.0,1.0,0.85,1.0,Moderate,"Bumper, Hood, Headlights/Taillights",449400
628,111,10,2583520,1,1,Side,Dry,Rain,SUV,Comprehensive,1,1,58,Good,1.3,1.0,1.25,1.3,1.0,Total Loss,"Bumper, Door Panel, Headlights/Taillights, Radiator, Airbags, Frame, Engine, Total Loss",1039900
633,30,10,1054105,3,0,Rear-end,Wet,Fog,SUV,Comprehensive,1,4,42,Good,1.0,1.3,1.15,1.3,1.0,Moderate,"Bumper, Door Panel",298300
283,69,20,1789493,4,1,Rear-end,Dry,Clear,SUV,Third-party,1,1,62,Good,1.0,1.0,1.0,1.3,1.0,Severe,"Bumper, Door Panel, Headlights/Taillights, Radiator",416300
377,69,15,2177971,3,1,Side,Wet,Clear,SUV,Comprehensive,1,4,57,Good,1.3,1.3,1.0,1.3,1.0,Severe,"Bumper, Door Panel, Headlights/Taillights, Radiator",771300
385,134,17,2846982,5,1,Head-on,Gravel,Clear,Two-wheeler,Third-party,0,2,69,Worn,1.8,1.2,1.0,0.6,1.15,Total Loss,"Bumper, Hood, Headlights/Taillights, Radiator, Airbags, Frame, Engine, Total Loss",980400
225,123,2,932543,3,1,Side,Dry,Rain,Truck,Third-party,1,2,61,Good,1.3,1.0,1.25,1.5,1.0,Total Loss,"Bumper, Door Panel, Headlights/Taillights, Radiator, Airbags, Frame, Engine, Total Loss",986000
954,86,17,1636092,5,1,Rear-end,Wet,Clear,Hatchback,Comprehensive,0,2,45,Good,1.0,1.3,1.0,0.85,1.0,Severe,"Bumper, Door Panel, Headlights/Taillights, Radiator, Airbags, Frame",406000
815,9,3,1951143,1,0,Rollover,Wet,Clear,Sedan,Third-party,1,3,67,Worn,2.2,1.3,1.0,1.0,1.15,Minor,Minor scratches,592100
473,117,6,1679904,4,1,Rollover,Dry,Clear,SUV,None,1,1,33,Worn,2.2,1.0,1.0,1.3,1.15,Total Loss,"Bumper, Door Panel, Headlights/Taillights, Radiator, Airbags, Frame, Engine, Total Loss",1492400
348,33,10,2943061,1,0,Head-on,Wet,Fog,Hatchback,Comprehensive,1,4,61,Good,1.8,1.3,1.15,0.85,1.0,Moderate,"Bumper, Hood",669500
506,50,18,1798492,1,1,Head-on,Dry,Clear,Two-wheeler,Comprehensive,1,0,47,Worn,1.8,1.0,1.0,0.6,1.15,Moderate,"Bumper, Hood, Headlights/Taillights",345300
640,131,15,2274259,3,1,Rollover,Wet,Clear,Truck,Comprehensive,1,1,44,Good,2.2,1.3,1.0,1.5,1.0,Total Loss,"Bumper, Door Panel, Headlights/Taillights, Radiator, Airbags, Frame, Engine, Total Loss",2448200
988,132,17,1492931,3,1,Rear-end,Dry,Rain,Sedan,Comprehensive,1,1,32,Worn,1.0,1.0,1.25,1.0,1.15,Total Loss,"Bumper, Door Panel, Headlights/Taillights, Radiator, Airbags, Frame, Engine, Total Loss",753000
929,61,17,807365,4,1,Side,Wet,Clear,Truck,Comprehensive,1,2,49,Worn,1.3,1.3,1.0,1.5,1.15,Severe,"Bumper, Door Panel, Headlights/Taillights, Radiator",665500
906,5,14,2573958,5,0,Head-on,Wet,Clear,Truck,Comprehensive,1,1,57,Worn,1.8,1.3,1.0,1.5,1.15,Minor,Minor scratches,958700
620,82,16,2303426,2,1,Head-on,Dry,Clear,Hatchback,Third-party,1,4,46,Worn,1.8,1.0,1.0,0.85,1.15,Severe,"Bumper, Hood, Headlights/Taillights, Radiator, Airbags, Frame",720400
856,15,10,406022,2,0,Head-on,Dry,Rain,SUV,Third-party,1,2,63,Good,1.8,1.0,1.25,1.3,1.0,Minor,Bumper,202000
804,14,12,1894918,5,0,Rear-end,Wet,Clear,Hatchback,Comprehensive,1,4,41,Worn,1.0,1.3,1.0,0.85,1.15,Minor,Bumper,283100
646,113,0,2448091,3,1,Head-on,Icy,Clear,Two-wheeler,Comprehensive,1,2,20,Good,1.8,1.8,1.0,0.6,1.0,Total Loss,"Bumper, Hood, Headlights/Taillights, Radiator, Airbags, Frame, Engine, Total Loss",968200
847,131,2,1776402,3,1,Head-on,Icy,Rain,Hatchback,Third-party,1,0,60,Bald,1.8,1.8,1.25,0.85,1.35,Total Loss,"Bumper, Hood, Headlights/Taillights, Radiator, Airbags, Frame, Engine, Total Loss",2268200
